layer_id,quote_id,pas_id,_pdm_last_update_timestamp,rating_basis,conditional_premium_reduction,our_share_pct,our_share_pct_london,our_share_pct_non_london,london_estimated_signed_line,london_order_percentage,tech_gnwp,modtech_gnwp,sold_gnwp,tech_ggwp,modtech_ggwp,sold_ggwp,sold_ggwp_our_share,tech_elc,modtech_elc,tech_gg_elr,modtech_gg_elr,tech_gn_elr,modtech_gn_elr,commission,sold_to_modtech,modtech_to_tech
Q00001-L1,Q00001,PAS-000001,2026-04-25 22:00:00.000,Limit,Conditional discount applied,0.0579,0.0282,0.0297,0.0259,0.7709,6836.77,7500.81,7027.36,7665.1,8409.58,7878.77,7878.77,4386.27,4638.12,0.572239,0.551528,0.64157,0.618349,1518.82,0.93688,1.097127
Q00001-L2,Q00001,PAS-000001,2026-04-25 22:00:00.000,Limit,None,0.0579,0.0282,0.0297,0.0259,0.7709,10808.83,9808.4,9642.7,12299.44,11161.04,10972.49,10972.49,6194.15,5625.53,0.503613,0.504033,0.573064,0.573542,2337.26,0.983106,0.907443
Q00002-L1,Q00002,PAS-000002,2026-04-25 22:00:00.000,Exposure,None,0.2893,0.1691,0.1202,0.1484,0.5435,16217.59,13996.0,12626.58,17973.43,15511.31,13993.63,13993.63,11920.01,10619.66,0.663202,0.68464,0.735005,0.758764,2467.0,0.902157,0.863013
Q00002-L2,Q00002,PAS-000002,2026-04-25 22:00:00.000,Exposure,Conditional discount applied,0.2893,0.1691,0.1202,0.1484,0.5435,17988.11,15686.26,13727.3,19505.91,17009.84,14885.58,14885.58,12413.17,11067.73,0.63638,0.650666,0.690077,0.705568,2136.31,0.875116,0.872035
Q00003-L1,Q00003,PAS-000003,2026-04-25 22:00:00.000,Limit,None,0.2261,0.1059,0.1202,0.0973,0.6302,24633.45,26872.2,21725.44,27616.62,30126.48,24356.44,24356.44,14541.43,15854.06,0.526546,0.52625,0.590312,0.58998,4693.59,0.808473,1.090882
Q00004-L1,Q00004,PAS-000004,2026-04-25 22:00:00.000,Premium,None,0.0928,0.0688,0.024,0.0619,0.6708,8630.22,9343.85,8650.25,9226.3,9989.22,9247.71,9247.71,6302.74,6831.11,0.683128,0.683849,0.730311,0.731081,1117.72,0.925769,1.08269
Q00004-L2,Q00004,PAS-000004,2026-04-25 22:00:00.000,Premium,None,0.0928,0.0688,0.024,0.0619,0.6708,10274.03,10415.35,11048.91,10889.43,11039.21,11710.72,11710.72,6302.76,6325.2,0.578797,0.572976,0.613465,0.607296,1248.82,1.06083,1.013755
Q00004-L3,Q00004,PAS-000004,2026-04-25 22:00:00.000,Premium,None,0.0928,0.0688,0.024,0.0619,0.6708,7738.39,6965.15,5434.47,8624.77,7762.96,6056.95,6056.95,5892.09,5329.64,0.683159,0.686547,0.761411,0.765187,1117.02,0.780238,0.900078
Q00005-L1,Q00005,PAS-000005,2026-04-25 22:00:00.000,Exposure,None,0.1748,0.1405,0.0343,0.1465,0.5643,34912.69,36793.74,31864.74,39774.27,41917.26,36301.9,36301.9,22853.66,23853.66,0.574584,0.569065,0.654595,0.648308,7789.61,0.866037,1.053879
Q00006-L1,Q00006,PAS-000006,2026-04-25 22:00:00.000,Exposure,None,0.0882,0.0453,0.0429,0.0478,0.7684,9587.81,9363.06,8738.06,10509.92,10263.57,9578.45,9578.45,6022.99,5656.54,0.573076,0.551128,0.628192,0.604133,1533.31,0.933248,0.97656
Q00007-L1,Q00007,PAS-000007,2026-04-25 22:00:00.000,Exposure,None,0.0895,0.0404,0.0491,0.0431,0.8239,6685.21,6100.49,5565.55,7252.99,6618.61,6038.22,6038.22,4420.5,3930.3,0.609473,0.593826,0.661235,0.644259,871.35,0.912311,0.912535
Q00007-L2,Q00007,PAS-000007,2026-04-25 22:00:00.000,Exposure,None,0.0895,0.0404,0.0491,0.0431,0.8239,16687.8,17028.21,17356.16,18848.85,19233.34,19603.77,19603.77,11028.18,10980.61,0.585085,0.570916,0.660853,0.644849,3979.83,1.01926,1.020399
Q00007-L3,Q00007,PAS-000007,2026-04-25 22:00:00.000,Exposure,None,0.0895,0.0404,0.0491,0.0431,0.8239,27364.52,28733.85,26051.55,29630.74,31113.47,28209.04,28209.04,18421.79,19732.08,0.621712,0.634197,0.6732,0.686719,3984.96,0.90665,1.05004
Q00008-L1,Q00008,PAS-000008,2026-04-25 22:00:00.000,Exposure,None,0.1722,0.0852,0.087,0.0817,0.9434,62704.28,59552.3,58015.69,67836.04,64426.1,62763.73,62763.73,42485.09,39052.18,0.626291,0.606155,0.677547,0.655763,8777.71,0.974197,0.949733
Q00008-L2,Q00008,PAS-000008,2026-04-25 22:00:00.000,Exposure,None,0.1722,0.0852,0.087,0.0817,0.9434,14458.85,14987.16,15492.43,15451.83,16016.42,16556.39,16556.39,10403.66,10497.88,0.673297,0.655445,0.719536,0.700458,1991.17,1.033713,1.036539
Q00009-L1,Q00009,PAS-000009,2026-04-25 22:00:00.000,Limit,None,0.1688,0.1131,0.0557,0.1051,0.8926,34595.15,31388.25,31326.28,38990.34,35376.01,35306.17,35306.17,21860.2,20387.04,0.560657,0.576296,0.631886,0.649512,7062.52,0.998026,0.907302
Q00010-L1,Q00010,PAS-000010,2026-04-25 22:00:00.000,Premium,None,0.1885,0.1292,0.0593,0.1101,0.8185,206470.75,175842.03,176741.27,235120.0,200241.34,201265.35,201265.35,153829.47,129322.33,0.654259,0.645832,0.745042,0.735446,43071.66,1.005114,0.851656
Q00011-L1,Q00011,PAS-000011,2026-04-25 22:00:00.000,Premium,None,0.2519,0.1325,0.1194,0.1165,0.694,25176.66,26945.24,25228.2,27089.3,28992.23,27144.76,27144.76,14906.11,16374.8,0.550258,0.564799,0.592061,0.607706,3562.47,0.936277,1.070247
Q00012-L1,Q00012,PAS-000012,2026-04-25 22:00:00.000,Exposure,Conditional discount applied,0.0959,0.0609,0.035,0.0677,0.5339,14390.62,14123.44,12833.67,16361.79,16058.01,14591.58,14591.58,8022.62,7753.43,0.490326,0.482839,0.557489,0.548976,3092.25,0.908679,0.981434
Q00012-L2,Q00012,PAS-000012,2026-04-25 22:00:00.000,Exposure,None,0.0959,0.0609,0.035,0.0677,0.5339,9968.6,9612.71,8023.03,10940.86,10550.26,8805.54,8805.54,6206.45,5690.66,0.567272,0.539386,0.6226,0.591994,1425.94,0.834628,0.964299
Q00013-L1,Q00013,PAS-000013,2026-04-25 22:00:00.000,Exposure,None,0.1503,0.0712,0.0791,0.0686,0.9434,32068.83,34168.07,29231.64,34471.99,36728.55,31422.2,31422.2,19624.96,21868.39,0.569302,0.595406,0.611964,0.640024,4075.69,0.855525,1.065461
Q00014-L1,Q00014,PAS-000014,2026-04-25 22:00:00.000,Premium,None,0.0643,0.044,0.0203,0.044,0.8837,11898.91,11375.19,10327.66,13315.92,12729.83,11557.56,11557.56,7543.53,7139.82,0.566504,0.560873,0.633968,0.627666,2198.03,0.907911,0.955986
Q00015-L1,Q00015,PAS-000015,2026-04-25 22:00:00.000,Limit,None,0.1548,0.1058,0.049,0.1065,0.9206,55653.34,58633.45,56720.7,62553.39,65902.98,63753.09,63753.09,37717.84,41153.43,0.60297,0.624455,0.677728,0.701876,12513.33,0.967378,1.053548
Q00016-L1,Q00016,PAS-000016,2026-04-25 22:00:00.000,Limit,Conditional discount applied,0.2996,0.2542,0.0454,0.2217,0.5959,39132.7,40488.08,37158.25,41224.02,42651.83,39144.06,39144.06,25316.89,25236.3,0.61413,0.591681,0.64695,0.623302,3770.13,0.917758,1.034636
Q00017-L1,Q00017,PAS-000017,2026-04-25 22:00:00.000,Limit,None,0.1887,0.1552,0.0335,0.1367,0.8952,51992.29,50518.57,44062.32,58707.72,57043.66,49753.5,49753.5,29166.28,27203.07,0.496805,0.476882,0.560973,0.538477,10080.37,0.8722,0.971655
Q00018-L1,Q00018,PAS-000018,2026-04-25 22:00:00.000,Exposure,None,0.1559,0.0874,0.0685,0.0744,0.847,17125.43,15645.32,15634.03,18164.87,16594.92,16582.95,16582.95,12351.83,11013.2,0.679984,0.663649,0.721256,0.70393,1789.24,0.999279,0.913572
Q00018-L2,Q00018,PAS-000018,2026-04-25 22:00:00.000,Exposure,None,0.1559,0.0874,0.0685,0.0744,0.847,24692.88,23530.84,21049.12,27466.1,26173.56,23413.12,23413.12,17020.37,16344.05,0.619686,0.624449,0.689282,0.69458,4250.61,0.894533,0.95294
Q00019-L1,Q00019,PAS-000019,2026-04-25 22:00:00.000,Exposure,None,0.0605,0.0361,0.0244,0.0408,0.9375,4991.6,5465.02,4809.94,5392.72,5904.18,5196.46,5196.46,3331.4,3747.57,0.61776,0.634732,0.667402,0.685739,715.54,0.880132,1.094843
Q00020-L1,Q00020,PAS-000020,2026-04-25 22:00:00.000,Limit,None,0.2941,0.2277,0.0664,0.2538,0.5112,40736.23,44367.81,44762.55,45164.3,49190.64,49628.28,49628.28,31104.98,33613.07,0.688707,0.683323,0.76357,0.7576,8777.36,1.008897,1.089149
Q00020-L2,Q00020,PAS-000020,2026-04-25 22:00:00.000,Limit,None,0.2941,0.2277,0.0664,0.2538,0.5112,44069.58,47452.72,38845.21,47682.58,51343.09,42029.9,42029.9,27415.72,29972.08,0.574963,0.583761,0.622101,0.63162,5886.75,0.818609,1.076768
Q00021-L1,Q00021,PAS-000021,2026-04-25 22:00:00.000,Premium,None,0.1374,0.1069,0.0305,0.1188,0.6003,15087.48,15770.09,16367.63,16878.11,17641.74,18310.2,18310.2,10105.82,10510.53,0.598753,0.595777,0.669815,0.666485,3472.96,1.037891,1.045244
Q00021-L2,Q00021,PAS-000021,2026-04-25 22:00:00.000,Premium,None,0.1374,0.1069,0.0305,0.1188,0.6003,117560.03,103600.95,89941.56,126255.71,111264.1,96594.35,96594.35,84771.52,76571.45,0.671427,0.688195,0.721091,0.7391,12389.18,0.868154,0.88126
Q00022-L1,Q00022,PAS-000022,2026-04-25 22:00:00.000,Limit,None,0.1951,0.1645,0.0306,0.1417,0.7685,379066.72,367048.96,296058.63,424876.97,411406.86,331837.34,331837.34,254170.32,258319.72,0.598221,0.627894,0.670516,0.703775,63842.1,0.806592,0.968296
Q00023-L1,Q00023,PAS-000023,2026-04-25 22:00:00.000,Exposure,None,0.0675,0.0483,0.0192,0.0458,0.6413,21371.5,18616.24,19255.71,23210.67,20218.3,20912.81,20912.81,12881.71,11487.57,0.554991,0.568177,0.602752,0.617073,3051.59,1.034351,0.871078
Q00023-L2,Q00023,PAS-000023,2026-04-25 22:00:00.000,Exposure,Conditional discount applied,0.0675,0.0483,0.0192,0.0458,0.6413,5532.04,4750.85,4255.39,6276.74,5390.4,4828.24,4828.24,4142.25,3545.65,0.659937,0.657772,0.748775,0.746319,1009.77,0.895712,0.858789
Q00024-L1,Q00024,PAS-000024,2026-04-25 22:00:00.000,Exposure,None,0.2757,0.1919,0.0838,0.1804,0.7466,38497.33,38002.11,31908.94,43803.54,43240.06,36307.05,36307.05,25948.59,25847.46,0.592386,0.597766,0.674036,0.680158,7730.67,0.839662,0.987136
Q00025-L1,Q00025,PAS-000025,2026-04-25 22:00:00.000,Premium,None,0.234,0.167,0.067,0.1562,0.7987,50016.22,50513.72,46907.97,56718.62,57282.78,53193.85,53193.85,33049.71,32467.64,0.582696,0.566796,0.66078,0.642749,11086.16,0.928619,1.009947
Q00025-L2,Q00025,PAS-000025,2026-04-25 22:00:00.000,Premium,None,0.234,0.167,0.067,0.1562,0.7987,17368.46,16553.03,14008.1,18297.84,17438.77,14757.67,14757.67,11643.17,11383.15,0.636314,0.652749,0.670363,0.687678,1422.99,0.846256,0.953051
Q00026-L1,Q00026,PAS-000026,2026-04-25 22:00:00.000,Limit,None,0.1939,0.143,0.0509,0.138,0.6798,23934.85,23288.2,22726.54,25804.96,25107.78,24502.24,24502.24,17380.29,17414.61,0.673525,0.693594,0.72615,0.747787,3294.02,0.975882,0.972983
Q00027-L1,Q00027,PAS-000027,2026-04-25 22:00:00.000,Premium,None,0.1641,0.1265,0.0376,0.1329,0.9446,45468.42,44879.74,38413.66,51444.3,50778.25,43462.34,43462.34,29578.77,28465.62,0.574967,0.560587,0.650534,0.634264,8924.43,0.855924,0.987053
Q00027-L2,Q00027,PAS-000027,2026-04-25 22:00:00.000,Premium,None,0.1641,0.1265,0.0376,0.1329,0.9446,72562.32,63114.89,59729.53,79629.07,69261.56,65546.5,65546.5,53260.06,46850.21,0.668852,0.676425,0.733991,0.742301,10601.48,0.946362,0.869802
Q00028-L1,Q00028,PAS-000028,2026-04-25 22:00:00.000,Premium,None,0.1186,0.057,0.0616,0.0533,0.6223,11510.17,11649.61,10814.1,12378.68,12528.64,11630.09,11630.09,6828.29,6612.78,0.551617,0.527813,0.59324,0.56764,1517.47,0.928281,1.012114
Q00029-L1,Q00029,PAS-000029,2026-04-25 22:00:00.000,Limit,None,0.1539,0.082,0.0719,0.08,0.9072,25735.99,26382.43,24300.93,27794.09,28492.23,26244.27,26244.27,15055.41,16158.51,0.541677,0.56712,0.584994,0.612472,3598.88,0.921103,1.025118
Q00029-L2,Q00029,PAS-000029,2026-04-25 22:00:00.000,Limit,None,0.1539,0.082,0.0719,0.08,0.9072,66642.08,61345.94,51300.82,72664.61,66889.86,55936.94,55936.94,36778.89,32468.59,0.506146,0.485404,0.551887,0.52927,8503.75,0.836254,0.920529
Q00030-L1,Q00030,PAS-000030,2026-04-25 22:00:00.000,Premium,None,0.1182,0.0762,0.042,0.0737,0.801,10059.01,9803.5,8809.96,11204.95,10920.33,9813.6,9813.6,5605.88,5234.14,0.500304,0.479303,0.5573,0.533905,1801.99,0.898654,0.974599
Q00030-L2,Q00030,PAS-000030,2026-04-25 22:00:00.000,Premium,None,0.1182,0.0762,0.042,0.0737,0.801,53322.92,48877.17,44126.51,58644.27,53754.86,48530.11,48530.11,31554.85,30068.51,0.538072,0.559364,0.591769,0.615185,8008.03,0.902804,0.916626
Q00031-L1,Q00031,PAS-000031,2026-04-25 22:00:00.000,Limit,None,0.0839,0.0533,0.0306,0.0461,0.6706,69509.17,71502.05,64445.69,79269.01,81541.7,73494.55,73494.55,42181.46,45536.65,0.53213,0.558446,0.606847,0.636858,15869.48,0.901313,1.028671
Q00032-L1,Q00032,PAS-000032,2026-04-25 22:00:00.000,Premium,Conditional discount applied,0.0672,0.056,0.0112,0.0483,0.514,11713.95,10232.02,9771.0,12536.79,10950.76,10457.35,10457.35,7491.05,6845.15,0.597526,0.625084,0.639498,0.668993,1282.61,0.954943,0.87349
Q00033-L1,Q00033,PAS-000033,2026-04-25 22:00:00.000,Exposure,None,0.2018,0.1512,0.0506,0.1337,0.8687,25854.2,25528.31,21322.5,28289.73,27933.13,23331.13,23331.13,15996.69,15574.6,0.565459,0.557567,0.618727,0.610091,3671.4,0.835249,0.987395
Q00033-L2,Q00033,PAS-000033,2026-04-25 22:00:00.000,Exposure,None,0.2018,0.1512,0.0506,0.1337,0.8687,9623.33,10521.37,9137.7,10489.35,11468.2,9960.03,9960.03,5326.18,5994.64,0.50777,0.522719,0.553466,0.569759,1508.86,0.86849,1.093319
Q00033-L3,Q00033,PAS-000033,2026-04-25 22:00:00.000,Exposure,None,0.2018,0.1512,0.0506,0.1337,0.8687,32792.03,32636.9,31345.12,36501.72,36329.04,34891.13,34891.13,19204.59,19631.34,0.526128,0.540376,0.585648,0.601507,6371.24,0.96042,0.995269
Q00034-L1,Q00034,PAS-000034,2026-04-25 22:00:00.000,Exposure,None,0.1254,0.0908,0.0346,0.0991,0.8583,118665.97,121215.64,108112.45,135266.38,138172.74,123236.51,123236.51,85997.09,83980.12,0.635761,0.607791,0.724699,0.692816,26535.96,0.891902,1.021486
Q00034-L2,Q00034,PAS-000034,2026-04-25 22:00:00.000,Exposure,Conditional discount applied,0.1254,0.0908,0.0346,0.0991,0.8583,13590.7,13209.63,11720.65,14965.69,14546.07,12906.44,12906.44,9489.96,9083.04,0.634114,0.624432,0.698269,0.687607,2153.7,0.887281,0.971961
Q00035-L1,Q00035,PAS-000035,2026-04-25 22:00:00.000,Limit,None,0.2089,0.1633,0.0456,0.1735,0.696,96849.14,82838.77,74548.61,108130.38,92488.04,83232.22,83232.22,58851.36,48019.7,0.544263,0.519199,0.60766,0.579677,15555.3,0.899924,0.855338
Q00035-L2,Q00035,PAS-000035,2026-04-25 22:00:00.000,Limit,None,0.2089,0.1633,0.0456,0.1735,0.696,47721.51,47324.25,44032.19,51550.47,51121.34,47565.14,47565.14,31387.9,32271.02,0.608877,0.631263,0.657731,0.681913,6541.08,0.930436,0.991675
Q00036-L1,Q00036,PAS-000036,2026-04-25 22:00:00.000,Premium,None,0.2376,0.1611,0.0765,0.1692,0.6514,28729.83,25572.02,23734.23,31354.31,27908.02,25902.35,25902.35,21216.01,18962.64,0.676654,0.679469,0.738466,0.741539,3973.29,0.928133,0.890086
Q00037-L1,Q00037,PAS-000037,2026-04-25 22:00:00.000,Premium,None,0.23,0.1484,0.0816,0.1599,0.8108,36858.43,39465.54,37303.63,39946.52,42772.06,40429.02,40429.02,25529.82,26845.48,0.6391,0.627641,0.692645,0.680226,5767.56,0.94522,1.070733
Q00037-L2,Q00037,PAS-000037,2026-04-25 22:00:00.000,Premium,None,0.23,0.1484,0.0816,0.1599,0.8108,110202.39,116237.34,99532.69,122616.28,129331.05,110744.68,110744.68,80020.03,81482.92,0.652605,0.630034,0.726119,0.701005,20153.74,0.856288,1.054762
Q00038-L1,Q00038,PAS-000038,2026-04-25 22:00:00.000,Premium,None,0.1359,0.1153,0.0206,0.117,0.6583,59208.52,60080.23,48126.47,67308.03,68298.99,54710.0,54710.0,34997.38,33848.07,0.519958,0.495587,0.591087,0.563381,11582.59,0.801037,1.014723
Q00039-L1,Q00039,PAS-000039,2026-04-25 22:00:00.000,Limit,None,0.2942,0.1941,0.1001,0.1815,0.5452,136684.15,117268.76,111378.12,148431.77,127347.68,120950.75,120950.75,90577.75,78674.96,0.610232,0.617797,0.662679,0.670894,17630.02,0.949768,0.857954
Q00040-L1,Q00040,PAS-000040,2026-04-25 22:00:00.000,Premium,None,0.2095,0.1574,0.0521,0.1386,0.5055,64207.38,54786.33,56400.77,71276.69,60818.37,62610.56,62610.56,49024.45,43220.28,0.687805,0.710645,0.763533,0.788888,11187.79,1.029468,0.853272
Q00041-L1,Q00041,PAS-000041,2026-04-25 22:00:00.000,Exposure,None,0.2074,0.0978,0.1096,0.0875,0.7533,154952.27,145691.01,141739.05,175440.63,164954.81,160480.31,160480.31,114519.97,110843.63,0.652756,0.671964,0.739066,0.760813,33105.22,0.972874,0.940232
Q00042-L1,Q00042,PAS-000042,2026-04-25 22:00:00.000,Exposure,None,0.2975,0.1702,0.1273,0.1764,0.7743,12123.94,12834.58,10499.93,12983.34,13744.35,11244.21,11244.21,8116.76,8249.87,0.625167,0.600237,0.669482,0.642784,1390.03,0.818097,1.058614
Q00042-L2,Q00042,PAS-000042,2026-04-25 22:00:00.000,Exposure,None,0.2975,0.1702,0.1273,0.1764,0.7743,30244.33,27167.87,25890.26,33336.34,29945.36,28537.14,28537.14,23225.4,20984.79,0.696699,0.700769,0.767926,0.772412,4802.75,0.952974,0.89828
Q00043-L1,Q00043,PAS-000043,2026-04-25 22:00:00.000,Exposure,None,0.1675,0.0776,0.0899,0.0727,0.6272,45989.65,46846.12,45117.89,50099.33,51032.33,49149.67,49149.67,26395.46,27673.37,0.526863,0.542271,0.573944,0.590729,7402.1,0.963108,1.018623
Q00043-L2,Q00043,PAS-000043,2026-04-25 22:00:00.000,Exposure,None,0.1675,0.0776,0.0899,0.0727,0.6272,16806.95,17048.68,15832.09,18571.08,18838.19,17493.9,17493.9,12852.43,13562.02,0.692067,0.719922,0.76471,0.795488,3007.9,0.92864,1.014383
Q00043-L3,Q00043,PAS-000043,2026-04-25 22:00:00.000,Exposure,None,0.1675,0.0776,0.0899,0.0727,0.6272,62793.22,63315.05,63020.44,67830.21,68393.9,68075.66,68075.66,38012.89,38503.67,0.560412,0.562969,0.605366,0.608128,9359.65,0.995347,1.00831
Q00044-L1,Q00044,PAS-000044,2026-04-25 22:00:00.000,Limit,None,0.0856,0.0406,0.045,0.0442,0.7678,5887.87,6100.68,5468.39,6427.31,6659.63,5969.41,5969.41,4538.13,4467.14,0.70607,0.67078,0.77076,0.732237,917.93,0.896357,1.036145
Q00044-L2,Q00044,PAS-000044,2026-04-25 22:00:00.000,Limit,None,0.0856,0.0406,0.045,0.0442,0.7678,15570.7,16700.84,12855.8,17771.31,19061.17,14672.72,14672.72,9333.22,9825.34,0.525185,0.515464,0.599409,0.588314,3183.86,0.76977,1.072581
Q00045-L1,Q00045,PAS-000045,2026-04-25 22:00:00.000,Exposure,None,0.2724,0.2026,0.0698,0.2089,0.5116,141554.69,149422.92,153698.53,155272.28,163902.99,168592.93,168592.93,96434.66,102523.89,0.621068,0.625516,0.681254,0.686132,27157.1,1.028614,1.055584
Q00046-L1,Q00046,PAS-000046,2026-04-25 22:00:00.000,Limit,None,0.2087,0.135,0.0737,0.1184,0.6566,70822.62,75950.62,66223.49,76089.4,81598.75,71148.25,71148.25,43844.13,47350.14,0.576219,0.58028,0.61907,0.623433,9167.75,0.871928,1.072406
Q00047-L1,Q00047,PAS-000047,2026-04-25 22:00:00.000,Premium,None,0.1286,0.0745,0.0541,0.085,0.6819,30448.12,26468.57,23530.38,33319.97,28965.07,25749.75,25749.75,20165.9,18229.72,0.60522,0.629369,0.662304,0.688731,4056.17,0.888993,0.8693
Q00048-L1,Q00048,PAS-000048,2026-04-25 22:00:00.000,Limit,None,0.0828,0.0468,0.036,0.0521,0.7181,66382.81,57045.6,56481.76,72046.85,61912.94,61300.99,61300.99,48421.49,43366.09,0.672083,0.700437,0.729428,0.760201,8880.73,0.990116,0.859343
Q00049-L1,Q00049,PAS-000049,2026-04-25 22:00:00.000,Limit,None,0.258,0.1675,0.0905,0.1784,0.729,56801.78,54448.83,56284.25,60365.81,57865.22,59815.8,59815.8,41305.67,40575.3,0.684256,0.701204,0.72719,0.745201,6646.1,1.033709,0.958576
Q00050-L1,Q00050,PAS-000050,2026-04-25 22:00:00.000,Premium,None,0.2475,0.1525,0.095,0.1724,0.7285,15991.57,13809.23,12799.77,17268.56,14911.95,13821.88,13821.88,10873.15,9226.72,0.62965,0.618746,0.67993,0.668156,1893.05,0.926899,0.863532
Q00050-L2,Q00050,PAS-000050,2026-04-25 22:00:00.000,Premium,None,0.2475,0.1525,0.095,0.1724,0.7285,14789.53,15061.79,16373.99,16860.47,17170.85,18666.8,18666.8,10695.1,10973.95,0.63433,0.639103,0.723153,0.728595,4022.37,1.087121,1.018409
Q00051-L1,Q00051,PAS-000051,2026-04-25 22:00:00.000,Exposure,None,0.0972,0.0709,0.0263,0.0724,0.6051,15949.09,14897.12,13679.51,17838.12,16661.55,15299.73,15299.73,10782.78,9832.43,0.60448,0.590127,0.676075,0.660022,2897.28,0.918266,0.934042
Q00051-L2,Q00051,PAS-000051,2026-04-25 22:00:00.000,Exposure,None,0.0972,0.0709,0.0263,0.0724,0.6051,9911.97,10154.5,9926.61,10845.43,11110.79,10861.45,10861.45,5903.22,5984.35,0.544305,0.538607,0.595565,0.589331,1708.75,0.977558,1.024468
Q00052-L1,Q00052,PAS-000052,2026-04-25 22:00:00.000,Exposure,None,0.133,0.0652,0.0678,0.0719,0.5449,46820.22,42633.5,37341.24,51016.58,46454.62,40688.03,40688.03,33124.82,30392.05,0.649295,0.654231,0.70749,0.712868,6143.0,0.875866,0.910579
Q00052-L2,Q00052,PAS-000052,2026-04-25 22:00:00.000,Exposure,None,0.133,0.0652,0.0678,0.0719,0.5449,19640.02,18487.48,15833.82,21251.74,20004.62,17133.2,17133.2,13762.63,13304.37,0.6476,0.665065,0.700744,0.719642,2401.65,0.856462,0.941317
Q00052-L3,Q00052,PAS-000052,2026-04-25 22:00:00.000,Exposure,None,0.133,0.0652,0.0678,0.0719,0.5449,34523.0,34723.08,31663.54,39200.21,39427.39,35953.35,35953.35,20841.62,21350.97,0.531671,0.541526,0.603703,0.614893,7555.93,0.911888,1.005796
Q00053-L1,Q00053,PAS-000053,2026-04-25 22:00:00.000,Premium,None,0.2631,0.2088,0.0543,0.2013,0.6425,29571.02,25769.78,25045.97,31736.35,27656.76,26879.96,26879.96,20487.71,17225.05,0.64556,0.622815,0.692831,0.668421,3417.7,0.971913,0.871454
Q00053-L2,Q00053,PAS-000053,2026-04-25 22:00:00.000,Premium,None,0.2631,0.2088,0.0543,0.2013,0.6425,45762.71,42389.06,38889.38,49467.36,45820.6,42037.61,42037.61,32958.44,29649.12,0.666266,0.64707,0.720203,0.699452,5824.91,0.917439,0.92628
Q00054-L1,Q00054,PAS-000054,2026-04-25 22:00:00.000,Exposure,None,0.1249,0.0577,0.0672,0.0547,0.5253,179056.3,176764.38,167200.54,204500.84,201883.23,190960.33,190960.33,127106.04,127590.41,0.621543,0.632001,0.709866,0.721811,41607.07,0.945895,0.9872
Q00055-L1,Q00055,PAS-000055,2026-04-25 22:00:00.000,Premium,Conditional discount applied,0.0858,0.0544,0.0314,0.0504,0.6149,7574.88,6552.48,5630.4,8437.53,7298.7,6271.6,6271.6,4638.82,3998.65,0.549784,0.547857,0.612395,0.610249,1151.3,0.859277,0.865028
Q00056-L1,Q00056,PAS-000056,2026-04-25 22:00:00.000,Premium,None,0.1255,0.1066,0.0189,0.1179,0.548,17202.92,17462.56,16664.3,19514.73,19809.27,18903.74,18903.74,10886.87,10617.86,0.55788,0.536005,0.63285,0.608036,3948.28,0.954287,1.015093
Q00057-L1,Q00057,PAS-000057,2026-04-25 22:00:00.000,Exposure,None,0.1075,0.0829,0.0246,0.0759,0.5856,3673.98,3589.98,3463.47,4164.52,4069.3,3925.9,3925.9,2430.24,2397.73,0.583557,0.589224,0.661472,0.667896,815.93,0.964761,0.977135
Q00058-L1,Q00058,PAS-000058,2026-04-25 22:00:00.000,Limit,None,0.2369,0.1233,0.1136,0.1097,0.7427,212808.33,232322.39,216904.76,237359.67,259125.04,241928.7,241928.7,118990.3,135386.8,0.501308,0.522477,0.559143,0.582754,44871.17,0.933637,1.091698
Q00058-L2,Q00058,PAS-000058,2026-04-25 22:00:00.000,Limit,None,0.2369,0.1233,0.1136,0.1097,0.7427,58944.34,60186.76,53892.02,63563.81,64903.6,58115.54,58115.54,45922.28,49134.33,0.72246,0.757036,0.779079,0.816364,7833.15,0.895413,1.021078
Q00058-L3,Q00058,PAS-000058,2026-04-25 22:00:00.000,Limit,Conditional discount applied,0.2369,0.1233,0.1136,0.1097,0.7427,51760.28,47330.63,42681.73,59154.36,54091.92,48778.92,48778.92,40258.27,38447.96,0.680563,0.710789,0.777783,0.812327,10670.12,0.901778,0.91442
Q00059-L1,Q00059,PAS-000059,2026-04-25 22:00:00.000,Limit,None,0.2916,0.2316,0.06,0.2472,0.941,29873.35,26417.46,25613.07,32793.77,29000.02,28117.0,28117.0,21088.76,19344.17,0.643072,0.66704,0.705939,0.732249,4561.89,0.969551,0.884315
Q00059-L2,Q00059,PAS-000059,2026-04-25 22:00:00.000,Limit,None,0.2916,0.2316,0.06,0.2472,0.941,78605.65,78073.07,70991.39,84834.97,84260.18,76617.3,76617.3,54177.75,53537.15,0.638625,0.635379,0.689235,0.685731,10425.61,0.909294,0.993225
Q00059-L3,Q00059,PAS-000059,2026-04-25 22:00:00.000,Limit,None,0.2916,0.2316,0.06,0.2472,0.941,17295.26,15575.72,13093.74,19252.03,17337.95,14575.15,14575.15,13087.11,12268.67,0.679778,0.707619,0.756688,0.787679,2661.69,0.840651,0.900578
Q00060-L1,Q00060,PAS-000060,2026-04-25 22:00:00.000,Exposure,None,0.2851,0.1406,0.1445,0.1294,0.5113,42462.17,44267.34,42179.49,46783.22,48772.09,46471.78,46471.78,24897.74,24834.41,0.532194,0.509193,0.586351,0.56101,7791.68,0.952835,1.042512
Q00060-L2,Q00060,PAS-000060,2026-04-25 22:00:00.000,Exposure,None,0.2851,0.1406,0.1445,0.1294,0.5113,122120.62,108245.37,85717.76,131865.71,116883.22,92557.94,92557.94,94492.8,87619.42,0.716584,0.749632,0.773766,0.809452,12669.35,0.791884,0.886381
Q00060-L3,Q00060,PAS-000060,2026-04-25 22:00:00.000,Exposure,None,0.2851,0.1406,0.1445,0.1294,0.5113,242873.75,256334.93,243196.03,271481.21,286527.95,271841.45,271841.45,142069.03,145263.93,0.523311,0.50698,0.58495,0.566696,51253.79,0.948743,1.055425
Q00061-L1,Q00061,PAS-000061,2026-04-25 22:00:00.000,Exposure,None,0.1261,0.0816,0.0445,0.0717,0.8993,82826.19,82942.24,78274.84,91493.05,91621.25,86465.46,86465.46,49953.29,47652.6,0.545979,0.520104,0.60311,0.574528,14829.49,0.943727,1.001401
Q00062-L1,Q00062,PAS-000062,2026-04-25 22:00:00.000,Limit,None,0.1043,0.0655,0.0388,0.0603,0.6632,33514.8,29611.05,29656.82,36634.5,32367.37,32417.39,32417.39,23440.28,20055.51,0.639842,0.619621,0.699401,0.677298,5050.99,1.001545,0.883522
Q00062-L2,Q00062,PAS-000062,2026-04-25 22:00:00.000,Limit,None,0.1043,0.0655,0.0388,0.0603,0.6632,47274.35,45012.15,47518.23,53684.72,51115.76,53961.66,53961.66,36332.49,33634.09,0.676775,0.657998,0.768546,0.747223,11348.08,1.055676,0.952147
Q00062-L3,Q00062,PAS-000062,2026-04-25 22:00:00.000,Limit,None,0.1043,0.0655,0.0388,0.0603,0.6632,56096.28,50550.63,43101.78,63862.07,57548.7,49068.65,49068.65,36520.68,33295.51,0.571868,0.578562,0.651036,0.658657,10482.56,0.852646,0.901141
Q00063-L1,Q00063,PAS-000063,2026-04-25 22:00:00.000,Premium,Conditional discount applied,0.1334,0.1128,0.0206,0.1225,0.5923,117061.12,122218.09,115231.66,131799.56,137605.81,129739.76,129739.76,83774.35,86539.1,0.635619,0.628891,0.715646,0.708071,25771.48,0.942836,1.044054
Q00063-L2,Q00063,PAS-000063,2026-04-25 22:00:00.000,Premium,None,0.1334,0.1128,0.0206,0.1225,0.5923,41277.73,40618.93,38575.51,46007.71,45273.42,42995.85,42995.85,23068.38,21813.34,0.501402,0.481813,0.558858,0.537024,7931.78,0.949693,0.98404
Q00064-L1,Q00064,PAS-000064,2026-04-25 22:00:00.000,Premium,Premium reduction conditional on no claims,0.2496,0.1233,0.1263,0.1369,0.5593,182157.17,179327.77,191537.01,192340.41,189352.84,202244.63,202244.63,116416.92,117647.61,0.605265,0.621314,0.639102,0.656048,20281.42,1.068083,0.984467
Q00065-L1,Q00065,PAS-000065,2026-04-25 22:00:00.000,Exposure,None,0.1405,0.0966,0.0439,0.0952,0.5997,48758.91,46803.11,47489.23,54664.03,52471.37,53240.59,53240.59,30023.8,27858.33,0.549242,0.530924,0.61576,0.595224,10260.12,1.01466,0.959888
Q00065-L2,Q00065,PAS-000065,2026-04-25 22:00:00.000,Exposure,None,0.1405,0.0966,0.0439,0.0952,0.5997,40212.48,38841.03,36925.5,42633.33,41179.31,39148.47,39148.47,26747.39,25007.84,0.627382,0.607291,0.665151,0.643851,4193.49,0.950683,0.965895
Q00066-L1,Q00066,PAS-000066,2026-04-25 22:00:00.000,Exposure,Conditional discount applied,0.0684,0.033,0.0354,0.0341,0.5296,4183.9,4127.84,3727.15,4519.51,4458.96,4026.13,4026.13,2325.12,2283.34,0.514462,0.512079,0.55573,0.553156,553.55,0.90293,0.986602
Q00067-L1,Q00067,PAS-000067,2026-04-25 22:00:00.000,Exposure,None,0.272,0.1674,0.1046,0.1838,0.6794,42585.6,39647.99,37713.41,47494.66,44218.42,42060.82,42060.82,25028.35,23845.41,0.526972,0.539264,0.587719,0.601428,7796.13,0.951206,0.931019
Q00067-L2,Q00067,PAS-000067,2026-04-25 22:00:00.000,Exposure,None,0.272,0.1674,0.1046,0.1838,0.6794,27704.91,27940.91,22946.31,30887.77,31150.88,25582.48,25582.48,19869.44,20990.91,0.643278,0.673846,0.717181,0.751261,4729.05,0.821244,1.008518
Q00068-L1,Q00068,PAS-000068,2026-04-25 22:00:00.000,Limit,None,0.2361,0.1414,0.0947,0.1257,0.527,96713.37,86338.08,76946.5,109323.63,97595.52,86979.39,86979.39,72381.71,62433.45,0.662087,0.639716,0.748415,0.723128,17751.24,0.891223,0.892721
Q00068-L2,Q00068,PAS-000068,2026-04-25 22:00:00.000,Limit,None,0.2361,0.1414,0.0947,0.1257,0.527,110592.7,95422.43,84485.8,123534.43,106588.92,94372.46,94372.46,85269.43,72018.81,0.690248,0.675669,0.771022,0.754737,17701.83,0.885387,0.862828
Q00068-L3,Q00068,PAS-000068,2026-04-25 22:00:00.000,Limit,None,0.2361,0.1414,0.0947,0.1257,0.527,124984.61,130152.59,101122.2,136942.74,142605.17,110797.25,110797.25,83075.74,89170.65,0.606646,0.625297,0.664688,0.685124,17660.4,0.776951,1.041349
Q00069-L1,Q00069,PAS-000069,2026-04-25 22:00:00.000,Premium,None,0.1379,0.0939,0.044,0.0858,0.7955,67958.08,61448.95,58593.44,74192.51,67086.24,63968.76,63968.76,44283.62,40447.36,0.596875,0.602916,0.651631,0.658227,9847.26,0.95353,0.904218
Q00070-L1,Q00070,PAS-000070,2026-04-25 22:00:00.000,Premium,None,0.2574,0.1434,0.114,0.1297,0.8162,108239.96,114196.44,98340.32,115624.06,121986.89,105049.07,105049.07,60902.8,63284.19,0.526731,0.518779,0.562665,0.55417,12560.62,0.861151,1.05503
Q00071-L1,Q00071,PAS-000071,2026-04-25 22:00:00.000,Premium,Premium reduction conditional on no claims,0.1038,0.0641,0.0397,0.061,0.6665,95830.81,95305.96,89769.47,103582.21,103014.91,97030.59,97030.59,54640.01,52215.42,0.527504,0.506872,0.570172,0.547872,13435.5,0.941908,0.994523
Q00071-L2,Q00071,PAS-000071,2026-04-25 22:00:00.000,Premium,None,0.1038,0.0641,0.0397,0.061,0.6665,29135.99,29863.28,27947.46,32093.87,32894.99,30784.67,30784.67,22500.19,23636.85,0.701075,0.718555,0.772247,0.791502,5151.46,0.935847,1.024962
Q00072-L1,Q00072,PAS-000072,2026-04-25 22:00:00.000,Premium,None,0.1535,0.0823,0.0712,0.0826,0.6553,146858.03,153044.87,135994.53,166376.44,173385.55,154069.11,154069.11,108478.29,115969.9,0.652005,0.668856,0.738661,0.757751,31908.32,0.888593,1.042128
Q00073-L1,Q00073,PAS-000073,2026-04-25 22:00:00.000,Premium,None,0.1224,0.061,0.0614,0.061,0.6938,30154.74,32110.33,28576.81,32813.69,34941.73,31096.63,31096.63,18040.51,18651.54,0.549786,0.53379,0.598264,0.580858,4631.26,0.889957,1.064852
Q00074-L1,Q00074,PAS-000074,2026-04-25 22:00:00.000,Exposure,None,0.1933,0.1418,0.0515,0.1383,0.5518,30945.86,33880.69,31432.19,32801.62,35912.44,33317.11,33317.11,22173.85,24531.13,0.675999,0.683082,0.716537,0.724045,3556.57,0.927732,1.094837
Q00075-L1,Q00075,PAS-000075,2026-04-25 22:00:00.000,Limit,None,0.1276,0.0747,0.0529,0.071,0.5757,18871.84,17266.13,16167.95,20893.1,19115.42,17899.61,17899.61,14403.63,13328.71,0.689396,0.697276,0.763234,0.771957,3128.28,0.936397,0.914915
Q00076-L1,Q00076,PAS-000076,2026-04-25 22:00:00.000,Premium,None,0.207,0.1316,0.0754,0.1341,0.7608,132141.24,128763.09,127477.07,149527.52,145704.89,144249.67,144249.67,79750.67,76083.71,0.533351,0.522177,0.603526,0.590881,29644.74,0.990013,0.974435
Q00076-L2,Q00076,PAS-000076,2026-04-25 22:00:00.000,Premium,None,0.207,0.1316,0.0754,0.1341,0.7608,21405.31,22140.94,19064.87,23682.32,24496.21,21092.91,21092.91,13814.24,13639.55,0.583315,0.556803,0.645365,0.616033,3666.1,0.861068,1.034367
Q00077-L1,Q00077,PAS-000077,2026-04-25 22:00:00.000,Exposure,None,0.1276,0.0805,0.0471,0.0698,0.8743,25159.53,22721.18,21574.46,28009.54,25294.98,24018.36,24018.36,15309.98,13228.69,0.546599,0.522977,0.608516,0.582218,4390.46,0.949531,0.903084
Q00078-L1,Q00078,PAS-000078,2026-04-25 22:00:00.000,Premium,None,0.1753,0.146,0.0293,0.1438,0.8649,22732.99,21217.17,19169.9,25054.8,23384.16,21127.79,21127.79,17523.18,16897.79,0.699394,0.722617,0.770826,0.796421,3552.92,0.903509,0.933321
Q00078-L2,Q00078,PAS-000078,2026-04-25 22:00:00.000,Premium,None,0.1753,0.146,0.0293,0.1438,0.8649,15562.74,16816.62,15451.79,17019.38,18390.63,16898.05,16898.05,8686.78,9044.77,0.510405,0.491814,0.558178,0.537847,2644.96,0.91884,1.08057
Q00079-L1,Q00079,PAS-000079,2026-04-25 22:00:00.000,Premium,None,0.1469,0.1116,0.0353,0.1176,0.5236,137863.53,133123.44,132031.67,156589.13,151205.2,149965.14,149965.14,77601.33,75091.11,0.495573,0.496617,0.562885,0.564071,31577.82,0.991799,0.965618
Q00079-L2,Q00079,PAS-000079,2026-04-25 22:00:00.000,Premium,None,0.1469,0.1116,0.0353,0.1176,0.5236,16849.61,16660.8,13051.62,18583.54,18375.3,14394.71,14394.71,10552.83,10868.85,0.567859,0.591493,0.626295,0.652361,2435.56,0.783373,0.988794
Q00080-L1,Q00080,PAS-000080,2026-04-25 22:00:00.000,Exposure,None,0.2246,0.1363,0.0883,0.1402,0.9221,62073.06,58025.16,52189.08,68217.44,63768.85,57355.08,57355.08,36509.7,34489.54,0.535196,0.540852,0.588173,0.594389,9401.39,0.899422,0.934788
Q00081-L1,Q00081,PAS-000081,2026-04-25 22:00:00.000,Exposure,None,0.1354,0.1024,0.033,0.0929,0.95,49943.29,52220.0,46237.44,56390.81,58961.44,52206.55,52206.55,35622.71,36395.51,0.631711,0.617276,0.713263,0.696965,10573.25,0.885435,1.045586
Q00082-L1,Q00082,PAS-000082,2026-04-25 22:00:00.000,Exposure,None,0.0609,0.0363,0.0246,0.0387,0.9363,12247.44,11336.93,10509.68,13072.67,12100.81,11217.81,11217.81,7790.23,6877.49,0.595917,0.56835,0.63607,0.606645,1326.87,0.92703,0.925657
Q00082-L2,Q00082,PAS-000082,2026-04-25 22:00:00.000,Exposure,None,0.0609,0.0363,0.0246,0.0387,0.9363,78792.68,76940.94,75977.42,89321.11,87221.94,86129.67,86129.67,46128.22,44323.96,0.516431,0.508174,0.585438,0.576078,17911.17,0.987477,0.976499
Q00083-L1,Q00083,PAS-000083,2026-04-25 22:00:00.000,Limit,None,0.2961,0.1879,0.1082,0.1756,0.6718,82277.2,85763.31,70879.85,93888.43,97866.51,80882.65,80882.65,55019.89,60176.91,0.586014,0.614888,0.668714,0.701663,17531.5,0.826459,1.04237
Q00084-L1,Q00084,PAS-000084,2026-04-25 22:00:00.000,Premium,None,0.2408,0.1346,0.1062,0.151,0.5663,107419.57,101715.27,102499.76,114116.82,108056.88,108890.29,108890.29,66764.02,60336.07,0.58505,0.558373,0.621526,0.593186,12030.95,1.007713,0.946897
Q00085-L1,Q00085,PAS-000085,2026-04-25 22:00:00.000,Exposure,None,0.1297,0.0635,0.0662,0.0676,0.6509,9339.97,8179.72,8004.92,10446.42,9148.72,8953.21,8953.21,5185.27,4658.52,0.496369,0.5092,0.55517,0.569521,1695.71,0.97863,0.875776
Q00086-L1,Q00086,PAS-000086,2026-04-25 22:00:00.000,Premium,None,0.0874,0.0722,0.0152,0.0746,0.6905,109121.14,98224.18,86494.11,119902.9,107929.26,95040.19,95040.19,79411.93,72704.99,0.662302,0.673636,0.727741,0.740194,15555.22,0.880579,0.900139
Q00086-L2,Q00086,PAS-000086,2026-04-25 22:00:00.000,Premium,Conditional discount applied,0.0874,0.0722,0.0152,0.0746,0.6905,115380.58,114215.98,94576.2,126888.01,125607.26,104008.71,104008.71,78038.13,75481.82,0.615016,0.600935,0.676354,0.660869,17154.17,0.828047,0.989906
Q00087-L1,Q00087,PAS-000087,2026-04-25 22:00:00.000,Exposure,None,0.1938,0.1429,0.0509,0.134,0.5007,216899.28,215493.93,183374.51,234069.01,232552.42,197890.43,197890.43,163805.79,163404.81,0.699818,0.702658,0.755216,0.75828,26902.26,0.85095,0.993521
Q00088-L1,Q00088,PAS-000088,2026-04-25 22:00:00.000,Exposure,None,0.1675,0.118,0.0495,0.135,0.6141,50381.32,47655.69,39153.1,54726.24,51765.55,42529.69,42529.69,35875.32,35262.24,0.655541,0.681191,0.712076,0.739938,6217.02,0.821583,0.9459
Q00089-L1,Q00089,PAS-000089,2026-04-25 22:00:00.000,Premium,None,0.0938,0.0714,0.0224,0.0706,0.8129,20620.16,19825.44,17752.96,22290.25,21431.17,19190.83,19190.83,12280.83,12112.62,0.550951,0.565187,0.595574,0.610964,2660.28,0.895464,0.961459
Q00089-L2,Q00089,PAS-000089,2026-04-25 22:00:00.000,Premium,None,0.0938,0.0714,0.0224,0.0706,0.8129,67209.39,66668.18,54958.18,75531.13,74922.9,61762.99,61762.99,47764.23,45471.45,0.632378,0.60691,0.710678,0.682056,12110.18,0.824354,0.991947
Q00090-L1,Q00090,PAS-000090,2026-04-25 22:00:00.000,Premium,None,0.1683,0.0782,0.0901,0.0816,0.6287,48303.3,50313.85,46154.12,54956.22,57243.69,52511.03,52511.03,28163.53,30496.61,0.512472,0.532751,0.583056,0.606128,11174.71,0.917324,1.041623
Q00090-L2,Q00090,PAS-000090,2026-04-25 22:00:00.000,Premium,None,0.1683,0.0782,0.0901,0.0816,0.6287,158866.05,148155.62,149096.56,171627.8,160056.99,161073.52,161073.52,105189.43,93834.1,0.612893,0.586254,0.662127,0.633348,22172.77,1.006351,0.932582
Q00090-L3,Q00090,PAS-000090,2026-04-25 22:00:00.000,Premium,None,0.1683,0.0782,0.0901,0.0816,0.6287,350845.19,372401.67,327561.86,379762.66,403095.88,354560.26,354560.26,239338.17,254245.44,0.630231,0.630732,0.682176,0.682718,49885.15,0.879593,1.061442
Q00091-L1,Q00091,PAS-000091,2026-04-25 22:00:00.000,Exposure,None,0.223,0.1331,0.0899,0.145,0.62,224110.65,194467.76,171924.02,244815.45,212433.96,187807.49,187807.49,153700.3,129883.88,0.627821,0.611408,0.685823,0.667894,29080.3,0.884075,0.867731
Q00092-L1,Q00092,PAS-000092,2026-04-25 22:00:00.000,Exposure,Premium reduction conditional on no claims,0.2294,0.1185,0.1109,0.1165,0.7012,139940.18,135825.05,110384.23,149767.61,145363.49,118136.07,118136.07,99306.27,95722.41,0.663069,0.658504,0.709634,0.704748,14486.35,0.812694,0.970594
Q00092-L2,Q00092,PAS-000092,2026-04-25 22:00:00.000,Exposure,None,0.2294,0.1185,0.1109,0.1165,0.7012,44513.41,39762.55,38002.12,49760.81,44449.91,42481.95,42481.95,31770.96,29335.78,0.638473,0.659974,0.713739,0.737774,8014.84,0.955726,0.893271
Q00093-L1,Q00093,PAS-000093,2026-04-25 22:00:00.000,Exposure,None,0.2019,0.1539,0.048,0.1324,0.5303,124354.32,115816.71,95690.78,135667.82,126353.48,104396.54,104396.54,77205.16,71227.21,0.569075,0.563714,0.620848,0.614999,15959.54,0.826226,0.931345
Q00093-L2,Q00093,PAS-000093,2026-04-25 22:00:00.000,Exposure,None,0.2019,0.1539,0.048,0.1324,0.5303,17391.94,16206.71,15403.64,18396.6,17142.91,16293.45,16293.45,10436.04,9373.7,0.567281,0.546798,0.600051,0.578384,1682.42,0.950448,0.931852
Q00094-L1,Q00094,PAS-000094,2026-04-25 22:00:00.000,Limit,None,0.1495,0.1061,0.0434,0.0981,0.5511,17869.06,18806.47,18360.58,19844.95,20886.01,20390.81,20390.81,11689.66,12046.38,0.58905,0.576768,0.654184,0.640545,3656.18,0.97629,1.05246
Q00094-L2,Q00094,PAS-000094,2026-04-25 22:00:00.000,Limit,None,0.1495,0.1061,0.0434,0.0981,0.5511,55446.23,51284.09,50575.08,61673.18,57043.61,56254.98,56254.98,42208.74,40745.09,0.684394,0.71428,0.761255,0.794498,10212.82,0.986175,0.924934
Q00095-L1,Q00095,PAS-000095,2026-04-25 22:00:00.000,Exposure,Conditional discount applied,0.2632,0.166,0.0972,0.1859,0.7003,522546.33,573532.38,537895.17,577949.62,634341.51,594925.83,594925.83,348746.11,396080.71,0.60342,0.624397,0.667397,0.690599,103127.2,0.937864,1.097572
Q00096-L1,Q00096,PAS-000096,2026-04-25 22:00:00.000,Exposure,None,0.0803,0.0426,0.0377,0.038,0.8557,89292.33,75917.31,70869.75,101862.37,86604.49,80846.37,80846.37,51363.68,42718.87,0.504246,0.493264,0.575231,0.562703,17490.97,0.933512,0.850211
Q00097-L1,Q00097,PAS-000097,2026-04-25 22:00:00.000,Exposure,None,0.2558,0.1227,0.1331,0.1401,0.7891,30740.75,30665.15,29019.65,34285.26,34200.95,32365.72,32365.72,19778.21,19601.71,0.576872,0.573133,0.643388,0.639218,6000.28,0.94634,0.997541
Q00098-L1,Q00098,PAS-000098,2026-04-25 22:00:00.000,Limit,None,0.126,0.0649,0.0611,0.0734,0.6015,27909.99,29607.81,26540.86,30379.63,32227.68,28889.35,28889.35,17202.27,18928.92,0.566244,0.58735,0.616348,0.639322,4315.15,0.896414,1.060832
Q00098-L2,Q00098,PAS-000098,2026-04-25 22:00:00.000,Limit,None,0.126,0.0649,0.0611,0.0734,0.6015,31195.18,31572.55,26601.84,35303.3,35730.38,30105.06,30105.06,21877.9,23194.28,0.619713,0.649147,0.701323,0.734634,6191.13,0.842562,1.012097
Q00098-L3,Q00098,PAS-000098,2026-04-25 22:00:00.000,Limit,None,0.126,0.0649,0.0611,0.0734,0.6015,25403.58,27268.09,26217.46,28860.27,30978.48,29784.9,29784.9,17613.5,18820.03,0.610303,0.607519,0.693347,0.690185,6280.31,0.961471,1.073396
Q00099-L1,Q00099,PAS-000099,2026-04-25 22:00:00.000,Premium,None,0.0922,0.0762,0.016,0.0683,0.7964,8763.14,8291.5,7179.57,9544.43,9030.74,7819.67,7819.67,4834.7,4573.65,0.506547,0.506454,0.551709,0.551607,1175.41,0.865895,0.946179
Q00099-L2,Q00099,PAS-000099,2026-04-25 22:00:00.000,Premium,None,0.0922,0.0762,0.016,0.0683,0.7964,26605.45,26448.16,21016.25,28089.71,27923.64,22188.7,22188.7,17590.24,17256.44,0.626216,0.617987,0.661152,0.652463,2220.99,0.79462,0.994088
Q00100-L1,Q00100,PAS-000100,2026-04-25 22:00:00.000,Limit,None,0.0576,0.0464,0.0112,0.047,0.7889,70475.53,61314.83,59452.23,77401.46,67340.49,65294.85,65294.85,52691.08,46990.79,0.68075,0.697809,0.747651,0.766385,10639.64,0.969622,0.870016
Q00101-L1,Q00101,PAS-000101,2026-04-25 22:00:00.000,Limit,None,0.1281,0.0944,0.0337,0.101,0.8873,12380.7,11282.63,10689.85,13752.98,12533.19,11874.71,11874.71,8713.6,8086.94,0.633579,0.645242,0.703805,0.71676,2133.27,0.947461,0.911308
Q00101-L2,Q00101,PAS-000101,2026-04-25 22:00:00.000,Limit,Conditional discount applied,0.1281,0.0944,0.0337,0.101,0.8873,27827.76,27918.47,28534.45,30584.24,30683.94,31360.93,31360.93,15374.29,15353.5,0.502687,0.500376,0.55248,0.549941,5143.48,1.022063,1.00326
Q00101-L3,Q00101,PAS-000101,2026-04-25 22:00:00.000,Limit,None,0.1281,0.0944,0.0337,0.101,0.8873,23253.17,25449.21,22456.38,24805.06,27147.65,23955.09,23955.09,16506.54,18241.8,0.665451,0.671948,0.709862,0.716793,2809.88,0.8824,1.09444
Q00102-L1,Q00102,PAS-000102,2026-04-25 22:00:00.000,Premium,None,0.2038,0.1119,0.0919,0.1242,0.5719,126044.53,115344.71,109252.14,139023.88,127222.25,120502.31,120502.31,85931.84,79866.41,0.618108,0.627771,0.681758,0.692415,20399.69,0.94718,0.915111
Q00103-L1,Q00103,PAS-000103,2026-04-25 22:00:00.000,Exposure,None,0.2917,0.1564,0.1353,0.1495,0.5227,96826.07,85372.07,69802.44,108644.68,95792.6,78322.54,78322.54,58867.51,52504.84,0.541835,0.54811,0.607972,0.615012,15186.53,0.817626,0.881705
Q00104-L1,Q00104,PAS-000104,2026-04-25 22:00:00.000,Premium,None,0.0628,0.0424,0.0204,0.0407,0.6299,18015.85,18652.84,17571.26,20432.15,21154.58,19927.93,19927.93,12970.74,13643.08,0.63482,0.644923,0.719962,0.731421,4155.95,0.942015,1.035357
Q00105-L1,Q00105,PAS-000105,2026-04-25 22:00:00.000,Exposure,None,0.1773,0.1152,0.0621,0.0995,0.5617,49197.43,44041.65,40846.3,51922.41,46481.06,43108.72,43108.72,38193.76,35789.05,0.735593,0.769971,0.776336,0.812618,4287.37,0.927447,0.895202
Q00106-L1,Q00106,PAS-000106,2026-04-25 22:00:00.000,Exposure,None,0.1774,0.1146,0.0628,0.1168,0.7137,13407.27,14203.71,13851.41,14588.52,15455.13,15071.78,15071.78,8555.56,9209.42,0.586458,0.595881,0.638128,0.648381,2243.13,0.975196,1.059404
Q00107-L1,Q00107,PAS-000107,2026-04-25 22:00:00.000,Exposure,None,0.1959,0.1015,0.0944,0.1054,0.7789,29886.41,25809.35,22594.16,33635.59,29047.07,25428.55,25428.55,16798.56,14454.72,0.499428,0.497631,0.56208,0.560058,5036.91,0.875425,0.863581
Q00107-L2,Q00107,PAS-000107,2026-04-25 22:00:00.000,Exposure,None,0.1959,0.1015,0.0944,0.1054,0.7789,52116.66,56654.09,58359.76,55890.65,60756.66,62585.84,62585.84,36857.28,39625.74,0.659453,0.652204,0.707207,0.699433,7881.44,1.030107,1.087063
Q00108-L1,Q00108,PAS-000108,2026-04-25 22:00:00.000,Exposure,None,0.2029,0.1296,0.0733,0.1431,0.8273,29857.24,31330.01,28220.89,32231.98,33821.9,30465.49,30465.49,20062.82,22012.18,0.622451,0.650826,0.671958,0.702591,4158.44,0.900762,1.049327
Q00108-L2,Q00108,PAS-000108,2026-04-25 22:00:00.000,Exposure,None,0.2029,0.1296,0.0733,0.1431,0.8273,63867.96,59937.34,59993.67,70633.71,66286.7,66349.0,66349.0,44705.99,41000.56,0.632927,0.618534,0.699975,0.684057,11493.16,1.00094,0.938457
Q00109-L1,Q00109,PAS-000109,2026-04-25 22:00:00.000,Limit,None,0.219,0.1746,0.0444,0.1841,0.8616,31843.1,30737.42,29414.88,34171.36,32984.83,31565.6,31565.6,22434.57,22241.35,0.656531,0.67429,0.704535,0.723592,4008.35,0.956973,0.965277
Q00110-L1,Q00110,PAS-000110,2026-04-25 22:00:00.000,Limit,None,0.1372,0.113,0.0242,0.123,0.6231,43328.38,47587.72,42187.79,45646.94,50134.2,44445.31,44445.31,23915.08,25131.2,0.523914,0.501279,0.55195,0.528103,4285.72,0.886527,1.098304
Q00111-L1,Q00111,PAS-000111,2026-04-25 22:00:00.000,Premium,None,0.1035,0.0809,0.0226,0.0753,0.7529,28019.04,28896.4,25209.93,29573.21,30499.23,26608.28,26608.28,19402.11,19122.97,0.65607,0.626999,0.692461,0.661777,2649.72,0.872425,1.031313
Q00112-L1,Q00112,PAS-000112,2026-04-25 22:00:00.000,Limit,None,0.0844,0.0705,0.0139,0.0806,0.5711,5797.33,5241.98,4933.4,6161.69,5571.44,5243.47,5243.47,4465.64,3870.85,0.724742,0.694766,0.770293,0.738433,583.47,0.941133,0.904206
Q00112-L2,Q00112,PAS-000112,2026-04-25 22:00:00.000,Limit,None,0.0844,0.0705,0.0139,0.0806,0.5711,11519.95,12105.16,10348.11,12233.32,12854.77,10988.91,10988.91,6824.19,7023.55,0.557837,0.546377,0.59238,0.580211,1206.87,0.854851,1.0508
Q00113-L1,Q00113,PAS-000113,2026-04-25 22:00:00.000,Premium,None,0.2706,0.1408,0.1298,0.1585,0.9487,49397.59,47587.71,51523.04,55359.96,53331.63,57741.96,57741.96,35033.31,34315.3,0.632828,0.643432,0.709211,0.721096,11098.26,1.082696,0.963361
Q00114-L1,Q00114,PAS-000114,2026-04-25 22:00:00.000,Premium,None,0.1761,0.0985,0.0776,0.1076,0.6488,49058.39,42464.79,38305.63,56047.32,48514.38,43762.7,43762.7,29895.93,26687.28,0.533405,0.55009,0.609395,0.628457,9553.19,0.902056,0.865597
Q00114-L2,Q00114,PAS-000114,2026-04-25 22:00:00.000,Premium,None,0.1761,0.0985,0.0776,0.1076,0.6488,25307.63,27708.2,23808.81,27491.79,30099.54,25863.61,25863.61,17676.4,18595.29,0.64297,0.617793,0.698461,0.671112,3783.11,0.859269,1.094855
Q00115-L1,Q00115,PAS-000115,2026-04-25 22:00:00.000,Limit,None,0.0717,0.0515,0.0202,0.0466,0.5633,27911.73,26806.3,23432.41,29461.85,28295.03,24733.76,24733.76,15803.48,15522.95,0.536405,0.54861,0.566195,0.579078,2465.77,0.874138,0.960395
Q00116-L1,Q00116,PAS-000116,2026-04-25 22:00:00.000,Exposure,None,0.2232,0.106,0.1172,0.0939,0.6381,62831.27,61224.38,58292.75,66142.71,64451.13,61364.99,61364.99,35103.97,33831.58,0.530731,0.524918,0.558702,0.552584,5836.86,0.952117,0.974425
Q00117-L1,Q00117,PAS-000117,2026-04-25 22:00:00.000,Exposure,None,0.1873,0.1196,0.0677,0.1209,0.7988,89369.61,91773.78,89927.76,97763.64,100393.62,98374.21,98374.21,57455.72,60345.22,0.5877,0.601086,0.6429,0.657543,15442.48,0.979885,1.026901
Q00118-L1,Q00118,PAS-000118,2026-04-25 22:00:00.000,Exposure,None,0.0875,0.0509,0.0366,0.0512,0.5523,45446.7,41195.7,37127.17,50591.6,45859.34,41330.23,41330.23,33147.05,28908.38,0.655189,0.63037,0.729361,0.701733,7551.26,0.901239,0.906462
Q00119-L1,Q00119,PAS-000119,2026-04-25 22:00:00.000,Limit,None,0.127,0.0583,0.0687,0.054,0.5014,14146.11,12219.39,13273.79,15692.28,13554.97,14724.61,14724.61,8969.09,8021.24,0.57156,0.591756,0.634032,0.656435,2615.75,1.086289,0.863799
Q00120-L1,Q00120,PAS-000120,2026-04-25 22:00:00.000,Limit,None,0.095,0.0479,0.0471,0.0499,0.8282,39737.41,41331.41,36427.39,42510.54,44215.78,38969.53,38969.53,26923.26,29312.43,0.633331,0.66294,0.677529,0.709205,4752.61,0.881349,1.040113
Q00120-L2,Q00120,PAS-000120,2026-04-25 22:00:00.000,Limit,None,0.095,0.0479,0.0471,0.0499,0.8282,18377.7,18785.88,17285.6,20798.45,21260.4,19562.51,19562.51,11959.04,11845.03,0.574996,0.557141,0.650736,0.630529,4023.78,0.920138,1.022211
Q00120-L3,Q00120,PAS-000120,2026-04-25 22:00:00.000,Limit,None,0.095,0.0479,0.0471,0.0499,0.8282,29354.56,32263.48,28040.87,31877.94,35036.91,30451.32,30451.32,21497.23,23966.35,0.674361,0.684031,0.73233,0.742832,4439.29,0.869121,1.099096
Q00121-L1,Q00121,PAS-000121,2026-04-25 22:00:00.000,Exposure,None,0.1483,0.0743,0.074,0.085,0.8757,44382.36,37907.17,33816.33,47997.99,40995.31,36571.2,36571.2,31770.34,26878.79,0.66191,0.655655,0.715833,0.709069,5094.69,0.892083,0.854105
Q00121-L2,Q00121,PAS-000121,2026-04-25 22:00:00.000,Exposure,None,0.1483,0.0743,0.074,0.085,0.8757,4107.97,4029.02,4184.39,4643.17,4553.92,4729.54,4729.54,2766.35,2778.58,0.595789,0.61015,0.673409,0.689642,964.63,1.038564,0.98078
Q00122-L1,Q00122,PAS-000122,2026-04-25 22:00:00.000,Limit,None,0.215,0.1496,0.0654,0.1692,0.9001,29949.92,25600.17,26202.53,33144.3,28330.61,28997.22,28997.22,18144.17,15739.77,0.54743,0.555575,0.605817,0.614831,5050.69,1.02353,0.854766
Q00123-L1,Q00123,PAS-000123,2026-04-25 22:00:00.000,Premium,None,0.1043,0.083,0.0213,0.072,0.7268,5813.54,6256.34,6217.11,6166.89,6636.59,6594.98,6594.98,4014.73,4465.4,0.651014,0.672846,0.690582,0.713741,712.44,0.993729,1.076166
Q00124-L1,Q00124,PAS-000124,2026-04-25 22:00:00.000,Exposure,None,0.2871,0.2302,0.0569,0.2586,0.7817,291732.75,292872.58,237601.22,312079.75,313299.09,254172.8,254172.8,183088.24,189977.48,0.586671,0.606377,0.627589,0.648669,30982.29,0.811278,1.003907
Q00125-L1,Q00125,PAS-000125,2026-04-25 22:00:00.000,Limit,None,0.1845,0.1008,0.0837,0.0925,0.8859,51380.91,45225.51,43367.83,56521.01,49749.83,47706.3,47706.3,32059.92,29530.49,0.567221,0.59358,0.623966,0.652961,7887.86,0.958924,0.880201
Q00126-L1,Q00126,PAS-000126,2026-04-25 22:00:00.000,Premium,None,0.0731,0.0541,0.019,0.0491,0.6208,10272.12,9434.67,9212.11,10958.15,10064.76,9827.34,9827.34,6523.65,5791.08,0.595325,0.575382,0.635083,0.613808,1153.43,0.976411,0.918473
Q00126-L2,Q00126,PAS-000126,2026-04-25 22:00:00.000,Premium,Conditional discount applied,0.0731,0.0541,0.019,0.0491,0.6208,11434.89,10100.93,9952.11,12669.04,11191.11,11026.22,11026.22,7278.42,6209.3,0.574505,0.554843,0.63651,0.614726,1938.96,0.985267,0.883343
Q00127-L1,Q00127,PAS-000127,2026-04-25 22:00:00.000,Premium,None,0.2843,0.2373,0.047,0.2101,0.9498,175368.38,180048.14,169248.08,188828.02,193866.96,182237.98,182237.98,124424.89,131478.44,0.658932,0.678189,0.709506,0.73024,24127.96,0.940016,1.026685
Q00128-L1,Q00128,PAS-000128,2026-04-25 22:00:00.000,Limit,None,0.1782,0.1156,0.0626,0.1017,0.9416,23950.05,21214.28,18604.3,26140.1,23154.17,20305.53,20305.53,14490.46,12417.52,0.554338,0.536297,0.605028,0.585338,3117.39,0.876971,0.885772
Q00129-L1,Q00129,PAS-000129,2026-04-25 22:00:00.000,Limit,None,0.099,0.0537,0.0453,0.0548,0.6106,12193.1,10632.45,10584.03,13147.48,11464.67,11412.46,11412.46,7880.66,6911.63,0.599404,0.602864,0.646321,0.650051,1536.59,0.995446,0.872005
Q00129-L2,Q00129,PAS-000129,2026-04-25 22:00:00.000,Limit,None,0.099,0.0537,0.0453,0.0548,0.6106,5783.96,6328.8,5981.06,6533.37,7148.8,6756.01,6756.01,4493.91,4920.93,0.687839,0.688358,0.77696,0.777546,1372.11,0.945055,1.094198
Q00130-L1,Q00130,PAS-000130,2026-04-25 22:00:00.000,Limit,None,0.2976,0.2479,0.0497,0.2497,0.8776,47407.29,41631.65,35146.5,53463.87,46950.36,39636.69,39636.69,36012.54,31617.27,0.673586,0.673419,0.759641,0.759453,7963.05,0.844225,0.87817
Q00131-L1,Q00131,PAS-000131,2026-04-25 22:00:00.000,Premium,Conditional discount applied,0.2045,0.1466,0.0579,0.1517,0.7174,89474.35,77261.72,69319.65,95768.16,82696.47,74195.73,74195.73,54384.1,47509.65,0.567872,0.574506,0.607818,0.614918,9111.27,0.897206,0.863507
Q00132-L1,Q00132,PAS-000132,2026-04-25 22:00:00.000,Limit,None,0.1811,0.099,0.0821,0.1026,0.6136,27158.53,26733.23,22642.32,28653.67,28204.96,23888.83,23888.83,18153.52,17102.39,0.633549,0.606361,0.668428,0.639743,2362.95,0.846973,0.98434
Q00133-L1,Q00133,PAS-000133,2026-04-25 22:00:00.000,Exposure,None,0.1448,0.0972,0.0476,0.0843,0.5043,24988.46,24862.02,22572.39,27952.28,27810.85,25249.65,25249.65,18906.91,18303.46,0.6764,0.658141,0.756626,0.736202,4786.77,0.907906,0.99494
Q00134-L1,Q00134,PAS-000134,2026-04-25 22:00:00.000,Exposure,None,0.2211,0.1243,0.0968,0.1259,0.7961,58598.0,52737.55,53648.41,62042.26,55837.35,56801.74,56801.74,40114.5,34493.66,0.646567,0.617752,0.684571,0.654063,5956.55,1.017272,0.899989
Q00135-L1,Q00135,PAS-000135,2026-04-25 22:00:00.000,Exposure,None,0.1917,0.1514,0.0403,0.1594,0.7433,137803.19,138128.18,117813.69,149463.0,149815.49,127782.15,127782.15,90299.71,87744.38,0.604161,0.585683,0.65528,0.635239,18381.62,0.85293,1.002358
Q00136-L1,Q00136,PAS-000136,2026-04-25 22:00:00.000,Premium,None,0.1183,0.1002,0.0181,0.0999,0.6601,53957.72,53535.04,47068.7,57300.23,56851.37,49984.45,49984.45,35454.16,34888.77,0.618744,0.613684,0.657073,0.6517,5491.33,0.879213,0.992166
Q00136-L2,Q00136,PAS-000136,2026-04-25 22:00:00.000,Premium,None,0.1183,0.1002,0.0181,0.0999,0.6601,68955.6,63700.52,53927.98,77442.74,71540.86,60565.5,60565.5,53036.16,50981.39,0.684843,0.712619,0.769135,0.800329,11820.19,0.846586,0.92379
Q00136-L3,Q00136,PAS-000136,2026-04-25 22:00:00.000,Premium,None,0.1183,0.1002,0.0181,0.0999,0.6601,64831.08,63563.12,63996.98,69429.62,68071.73,68536.36,68536.36,42717.36,41725.94,0.615261,0.61297,0.658902,0.656449,8477.45,1.006826,0.980442
Q00137-L1,Q00137,PAS-000137,2026-04-25 22:00:00.000,Limit,Conditional discount applied,0.2085,0.1555,0.053,0.1469,0.5479,53286.53,56917.98,49600.21,58082.3,62040.59,54064.22,54064.22,32033.38,35679.13,0.551517,0.575093,0.601154,0.626852,8190.84,0.871433,1.06815
Q00138-L1,Q00138,PAS-000138,2026-04-25 22:00:00.000,Limit,None,0.0724,0.0486,0.0238,0.05,0.853,32465.92,27954.97,30095.01,36275.2,31234.98,33626.11,33626.11,21621.32,18478.84,0.596036,0.591607,0.66597,0.661021,6320.6,1.076553,0.861056
Q00138-L2,Q00138,PAS-000138,2026-04-25 22:00:00.000,Limit,None,0.0724,0.0486,0.0238,0.05,0.853,11722.66,12005.92,9921.22,12841.77,13152.07,10868.36,10868.36,6671.49,7005.62,0.519515,0.532663,0.569111,0.583514,1729.2,0.826361,1.024163
Q00138-L3,Q00138,PAS-000138,2026-04-25 22:00:00.000,Limit,None,0.0724,0.0486,0.0238,0.05,0.853,20647.45,18784.34,20510.11,21761.52,19797.89,21616.78,21616.78,14533.29,12774.73,0.667843,0.645257,0.703878,0.680073,2100.02,1.091873,0.909766
Q00139-L1,Q00139,PAS-000139,2026-04-25 22:00:00.000,Limit,None,0.1172,0.0653,0.0519,0.0584,0.5752,55912.87,55684.47,59106.72,61092.41,60842.85,64582.12,64582.12,32534.78,33060.07,0.53255,0.543368,0.581884,0.593704,10022.38,1.061458,0.995915
Q00140-L1,Q00140,PAS-000140,2026-04-25 22:00:00.000,Limit,None,0.1262,0.1047,0.0215,0.0994,0.7791,29409.36,25007.98,23676.78,31927.34,27149.12,25703.94,25703.94,20847.49,17782.29,0.652967,0.654986,0.708873,0.711065,3734.58,0.946769,0.850341
Q00140-L2,Q00140,PAS-000140,2026-04-25 22:00:00.000,Limit,None,0.1262,0.1047,0.0215,0.0994,0.7791,28897.04,29605.42,27940.27,31865.02,32646.15,30809.98,30809.98,17270.13,18020.23,0.541978,0.551986,0.597644,0.60868,5204.84,0.943755,1.024514
Q00141-L1,Q00141,PAS-000141,2026-04-25 22:00:00.000,Premium,None,0.2337,0.1643,0.0694,0.1874,0.8519,62880.9,67754.24,60786.71,66460.97,71611.76,64247.54,64247.54,40123.02,43082.81,0.603708,0.601616,0.63808,0.635869,6548.82,0.897165,1.077501
Q00142-L1,Q00142,PAS-000142,2026-04-25 22:00:00.000,Exposure,None,0.2857,0.1525,0.1332,0.1661,0.8741,25225.54,25529.34,24601.19,27783.17,28117.77,27095.52,27095.52,18362.24,17911.41,0.660912,0.637014,0.727922,0.701601,4529.42,0.963644,1.012043
Q00143-L1,Q00143,PAS-000143,2026-04-25 22:00:00.000,Premium,None,0.1956,0.1298,0.0658,0.1463,0.8913,49625.86,51515.08,52024.87,55306.58,57412.06,57980.21,57980.21,35890.9,38229.23,0.648945,0.665875,0.72323,0.742098,10687.29,1.009896,1.038069
Q00144-L1,Q00144,PAS-000144,2026-04-25 22:00:00.000,Limit,None,0.0765,0.0374,0.0391,0.0343,0.8361,10649.15,10392.42,9442.89,11258.04,10986.62,9982.8,9982.8,6770.17,6575.51,0.601363,0.598501,0.635747,0.632722,1021.43,0.908633,0.975891
Q00144-L2,Q00144,PAS-000144,2026-04-25 22:00:00.000,Limit,None,0.0765,0.0374,0.0391,0.0343,0.8361,11473.99,12120.49,12367.87,12524.8,13230.51,13500.54,13500.54,7282.24,7825.87,0.581425,0.591502,0.634674,0.645673,2075.29,1.02041,1.056345
Q00145-L1,Q00145,PAS-000145,2026-04-25 22:00:00.000,Premium,None,0.154,0.1285,0.0255,0.1137,0.9233,27128.26,29048.47,24861.52,30698.45,32871.36,28133.39,28133.39,15465.31,16378.95,0.503781,0.498274,0.570081,0.563849,5782.71,0.855863,1.070783
Q00146-L1,Q00146,PAS-000146,2026-04-25 22:00:00.000,Exposure,None,0.0612,0.0449,0.0163,0.0385,0.6544,11096.31,9742.63,8221.08,11820.77,10378.71,8757.82,8757.82,6624.26,6079.09,0.560392,0.585727,0.596979,0.623969,1007.7,0.843826,0.878006
Q00147-L1,Q00147,PAS-000147,2026-04-25 22:00:00.000,Exposure,None,0.2143,0.1303,0.084,0.1396,0.8974,91178.47,93056.82,96259.26,99707.76,101761.82,105263.83,105263.83,58958.72,61603.7,0.591315,0.605371,0.64663,0.662001,16468.59,1.034414,1.020601
Q00148-L1,Q00148,PAS-000148,2026-04-25 22:00:00.000,Exposure,None,0.0993,0.0492,0.0501,0.0517,0.7203,121030.98,128139.96,118662.06,130871.3,138558.27,128309.77,128309.77,82676.51,88896.08,0.631739,0.641579,0.683102,0.693742,17844.59,0.926035,1.058737
Q00148-L2,Q00148,PAS-000148,2026-04-25 22:00:00.000,Exposure,Conditional discount applied,0.0993,0.0492,0.0501,0.0517,0.7203,41355.11,42035.97,39007.48,45501.93,46251.07,42918.9,42918.9,27101.72,27733.19,0.595617,0.599623,0.655342,0.659749,7109.91,0.927955,1.016464
Q00148-L3,Q00148,PAS-000148,2026-04-25 22:00:00.000,Exposure,Premium reduction conditional on no claims,0.0993,0.0492,0.0501,0.0517,0.7203,39288.76,37048.34,32637.28,44314.64,41787.62,36812.3,36812.3,22949.27,21173.99,0.517871,0.506705,0.584118,0.571523,7403.02,0.880938,0.942976
Q00149-L1,Q00149,PAS-000149,2026-04-25 22:00:00.000,Exposure,Conditional discount applied,0.1283,0.07,0.0583,0.062,0.668,19712.13,17547.69,16300.06,21052.57,18740.94,17408.47,17408.47,11636.71,10574.56,0.552746,0.564249,0.590333,0.602618,2075.68,0.9289,0.890197
Q00150-L1,Q00150,PAS-000150,2026-04-25 22:00:00.000,Premium,None,0.0851,0.049,0.0361,0.0483,0.5241,15354.66,16866.22,15791.47,16745.66,18394.16,17222.04,17222.04,9750.58,10394.67,0.582275,0.565107,0.635025,0.616301,2623.49,0.936278,1.098443
Q00151-L1,Q00151,PAS-000151,2026-04-25 22:00:00.000,Exposure,None,0.161,0.0832,0.0778,0.0848,0.8581,32475.28,35544.38,29993.15,35439.13,38788.33,32730.47,32730.47,25147.46,27616.64,0.709596,0.711983,0.774357,0.776962,5016.78,0.843823,1.094506
Q00152-L1,Q00152,PAS-000152,2026-04-25 22:00:00.000,Premium,None,0.1858,0.1573,0.0285,0.1593,0.8406,275461.36,299411.97,309161.41,293576.18,319101.83,329492.41,329492.41,212968.69,232553.94,0.725429,0.728777,0.773135,0.776702,38152.99,1.032562,1.086947
Q00152-L2,Q00152,PAS-000152,2026-04-25 22:00:00.000,Premium,None,0.1858,0.1573,0.0285,0.1593,0.8406,56201.57,51924.02,52913.01,64063.46,59187.54,60314.88,60314.88,40659.43,39420.76,0.634674,0.666031,0.723457,0.759201,12987.01,1.019047,0.923889
Q00153-L1,Q00153,PAS-000153,2026-04-25 22:00:00.000,Exposure,None,0.2439,0.1329,0.111,0.1453,0.7646,69010.96,64502.55,53649.88,75498.02,70565.82,58693.0,58693.0,38592.21,36713.12,0.511169,0.520268,0.559219,0.569173,9219.58,0.831748,0.934671
Q00154-L1,Q00154,PAS-000154,2026-04-25 22:00:00.000,Limit,None,0.0921,0.0775,0.0146,0.0727,0.7577,6720.09,6749.52,5835.0,7279.16,7311.04,6320.44,6320.44,4200.49,4264.51,0.577057,0.583297,0.625064,0.631824,896.31,0.864506,1.00438
Q00154-L2,Q00154,PAS-000154,2026-04-25 22:00:00.000,Limit,Premium reduction conditional on no claims,0.0921,0.0775,0.0146,0.0727,0.7577,40708.13,36593.72,30026.01,45930.88,41288.6,33878.27,33878.27,28728.73,27006.9,0.625477,0.654101,0.705725,0.73802,6828.45,0.820524,0.898929
Q00154-L3,Q00154,PAS-000154,2026-04-25 22:00:00.000,Limit,None,0.0921,0.0775,0.0146,0.0727,0.7577,9984.97,9711.54,9147.16,10952.83,10652.9,10033.82,10033.82,5620.45,5557.7,0.51315,0.521708,0.562891,0.572278,1616.61,0.941886,0.972616
Q00155-L1,Q00155,PAS-000155,2026-04-25 22:00:00.000,Limit,None,0.1305,0.0716,0.0589,0.079,0.6767,17528.29,14952.47,13356.41,18910.79,16131.81,14409.86,14409.86,11436.9,9815.77,0.604782,0.608473,0.652482,0.656465,1952.88,0.893258,0.853048
Q00156-L1,Q00156,PAS-000156,2026-04-25 22:00:00.000,Exposure,Conditional discount applied,0.1318,0.0594,0.0724,0.0643,0.8297,26784.93,27732.63,25160.54,29215.28,30248.98,27443.5,27443.5,15740.75,16669.27,0.538785,0.551069,0.587672,0.601071,4186.1,0.907254,1.035382
Q00156-L2,Q00156,PAS-000156,2026-04-25 22:00:00.000,Exposure,None,0.1318,0.0594,0.0724,0.0643,0.8297,6314.51,6311.25,5316.9,6809.87,6806.36,5734.0,5734.0,4908.44,4918.32,0.720783,0.722607,0.777328,0.779295,773.53,0.842447,0.999484
Q00157-L1,Q00157,PAS-000157,2026-04-25 22:00:00.000,Exposure,None,0.1945,0.1316,0.0629,0.131,0.6547,57749.31,57614.74,51826.04,60820.53,60678.8,54582.25,54582.25,40246.96,39243.02,0.661733,0.646734,0.696925,0.681128,5234.06,0.899527,0.99767
Q00157-L2,Q00157,PAS-000157,2026-04-25 22:00:00.000,Exposure,None,0.1945,0.1316,0.0629,0.131,0.6547,7091.11,6380.68,6362.87,7638.89,6873.58,6854.39,6854.39,4700.23,4365.86,0.615303,0.635165,0.662835,0.684231,912.56,0.997208,0.899814
Q00158-L1,Q00158,PAS-000158,2026-04-25 22:00:00.000,Premium,None,0.2774,0.2227,0.0547,0.2095,0.8935,21872.34,21293.27,20696.64,23438.98,22818.43,22179.06,22179.06,16010.13,15047.01,0.683056,0.659424,0.73198,0.706656,2766.69,0.97198,0.973525
Q00158-L2,Q00158,PAS-000158,2026-04-25 22:00:00.000,Premium,None,0.2774,0.2227,0.0547,0.2095,0.8935,32871.96,33413.63,29431.86,35099.1,35677.47,31425.93,31425.93,24935.43,25713.31,0.710429,0.720715,0.758562,0.769545,3735.08,0.880834,1.016478
Q00158-L3,Q00158,PAS-000158,2026-04-25 22:00:00.000,Premium,None,0.2774,0.2227,0.0547,0.2095,0.8935,31678.0,30831.01,32587.8,35000.1,34064.29,36005.31,36005.31,20058.66,19484.24,0.573103,0.571985,0.633205,0.631969,6186.26,1.056981,0.973263
Q00159-L1,Q00159,PAS-000159,2026-04-25 22:00:00.000,Premium,None,0.0728,0.0355,0.0373,0.0324,0.5351,17329.88,18275.57,16430.02,19362.38,20418.99,18356.99,18356.99,9601.37,9881.84,0.495877,0.483953,0.554035,0.540713,3449.38,0.899015,1.05457
Q00159-L2,Q00159,PAS-000159,2026-04-25 22:00:00.000,Premium,None,0.0728,0.0355,0.0373,0.0324,0.5351,6374.1,6152.67,5912.67,6904.38,6664.53,6404.56,6404.56,3583.29,3410.79,0.518988,0.511782,0.562164,0.554359,908.23,0.960992,0.965261
Q00160-L1,Q00160,PAS-000160,2026-04-25 22:00:00.000,Premium,None,0.0723,0.0558,0.0165,0.0492,0.6654,62927.51,63540.21,51951.15,67268.78,67923.75,55535.17,55535.17,43699.81,45293.25,0.64963,0.666825,0.694447,0.712828,6705.45,0.817611,1.009737
Q00161-L1,Q00161,PAS-000161,2026-04-25 22:00:00.000,Limit,None,0.2216,0.176,0.0456,0.1542,0.5452,33003.12,30714.41,27248.78,37223.3,34641.92,30733.14,30733.14,24223.36,22028.3,0.650758,0.635886,0.733972,0.717197,6178.64,0.887166,0.930652
Q00161-L2,Q00161,PAS-000161,2026-04-25 22:00:00.000,Limit,Conditional discount applied,0.2216,0.176,0.0456,0.1542,0.5452,14657.88,12985.85,10911.61,15779.94,13979.91,11746.88,11746.88,10687.44,9384.99,0.67728,0.67132,0.729126,0.722709,1551.77,0.840269,0.885929
Q00162-L1,Q00162,PAS-000162,2026-04-25 22:00:00.000,Limit,None,0.2146,0.1225,0.0921,0.1232,0.7293,93297.77,84384.95,77897.35,105108.62,95067.5,87758.61,87758.61,68375.56,62206.33,0.650523,0.654339,0.732875,0.737173,17506.34,0.923119,0.904469
Q00162-L2,Q00162,PAS-000162,2026-04-25 22:00:00.000,Limit,None,0.2146,0.1225,0.0921,0.1232,0.7293,200948.56,206086.06,203711.27,218731.66,224323.8,221738.85,221738.85,152858.99,150756.03,0.698843,0.672047,0.760687,0.73152,33123.85,0.988477,1.025566
Q00163-L1,Q00163,PAS-000163,2026-04-25 22:00:00.000,Exposure,None,0.1467,0.1152,0.0315,0.1125,0.7459,8857.52,8299.96,7972.0,9427.16,8833.75,8484.7,8484.7,5771.96,5672.35,0.612269,0.642122,0.651646,0.683419,963.43,0.960487,0.937052
Q00164-L1,Q00164,PAS-000164,2026-04-25 22:00:00.000,Premium,None,0.1753,0.108,0.0673,0.1145,0.5371,57998.42,60093.03,50117.77,61677.71,63905.21,53297.14,53297.14,41160.1,43448.55,0.667341,0.679891,0.709676,0.723021,5979.41,0.834003,1.036115
Q00165-L1,Q00165,PAS-000165,2026-04-25 22:00:00.000,Limit,None,0.1594,0.1325,0.0269,0.1221,0.61,134983.17,147844.01,134387.84,151195.36,165600.86,150528.53,150528.53,77709.28,81017.63,0.513966,0.489234,0.575696,0.547994,28819.95,0.908984,1.095277
Q00165-L2,Q00165,PAS-000165,2026-04-25 22:00:00.000,Limit,None,0.1594,0.1325,0.0269,0.1221,0.61,84610.24,85874.93,80714.41,92488.52,93870.97,88229.94,88229.94,64215.93,62199.08,0.694312,0.662602,0.758962,0.724299,13750.7,0.939907,1.014947
Q00165-L3,Q00165,PAS-000165,2026-04-25 22:00:00.000,Limit,None,0.1594,0.1325,0.0269,0.1221,0.61,94524.64,82626.43,69061.14,104462.63,91313.49,76321.98,76321.98,64763.43,54913.19,0.619967,0.60137,0.685149,0.664596,13140.18,0.835824,0.874126
Q00166-L1,Q00166,PAS-000166,2026-04-25 22:00:00.000,Limit,None,0.0817,0.0623,0.0194,0.058,0.8989,58004.03,53325.65,49981.41,62803.14,57737.69,54116.76,54116.76,43310.55,40935.37,0.689624,0.708989,0.746682,0.767649,7638.68,0.937287,0.919344
Q00166-L2,Q00166,PAS-000166,2026-04-25 22:00:00.000,Limit,Premium reduction conditional on no claims,0.0817,0.0623,0.0194,0.058,0.8989,71641.27,62119.02,61708.31,80247.26,69581.13,69121.08,69121.08,48116.64,42621.57,0.599605,0.612545,0.671633,0.686128,13235.61,0.993388,0.867084
Q00167-L1,Q00167,PAS-000167,2026-04-25 22:00:00.000,Exposure,None,0.0639,0.0507,0.0132,0.0456,0.5708,8000.66,8251.38,8506.43,9081.71,9366.3,9655.82,9655.82,5966.88,6138.3,0.657022,0.65536,0.745798,0.743913,2025.14,1.03091,1.031337
Q00167-L2,Q00167,PAS-000167,2026-04-25 22:00:00.000,Exposure,None,0.0639,0.0507,0.0132,0.0456,0.5708,7483.46,7621.01,6324.76,8433.07,8588.08,7127.34,7127.34,5804.91,5866.74,0.688351,0.683126,0.775699,0.769811,1424.41,0.829911,1.018381
Q00168-L1,Q00168,PAS-000168,2026-04-25 22:00:00.000,Limit,None,0.0947,0.079,0.0157,0.068,0.8614,12364.45,11949.94,11066.29,13545.43,13091.32,12123.27,12123.27,7827.78,7405.18,0.577891,0.565655,0.633088,0.619683,1929.66,0.926054,0.966475
Q00168-L2,Q00168,PAS-000168,2026-04-25 22:00:00.000,Limit,None,0.0947,0.079,0.0157,0.068,0.8614,6454.46,6282.95,5662.88,7048.44,6861.15,6184.02,6184.02,4642.82,4603.99,0.658702,0.671023,0.71932,0.732775,954.43,0.901309,0.973428
Q00169-L1,Q00169,PAS-000169,2026-04-25 22:00:00.000,Limit,None,0.2755,0.1437,0.1318,0.1568,0.9416,17728.56,16966.06,17051.05,20080.07,19216.43,19312.69,19312.69,13022.7,13009.81,0.648539,0.677015,0.73456,0.766814,3993.58,1.005009,0.95699
Q00169-L2,Q00169,PAS-000169,2026-04-25 22:00:00.000,Limit,None,0.2755,0.1437,0.1318,0.1568,0.9416,294290.01,299746.06,286638.51,319785.81,325714.55,311471.42,311471.42,197236.8,204439.66,0.616778,0.627665,0.670212,0.682043,45706.08,0.956271,1.01854
Q00169-L3,Q00169,PAS-000169,2026-04-25 22:00:00.000,Limit,None,0.2755,0.1437,0.1318,0.1568,0.9416,50185.58,51960.05,52878.55,53540.1,55433.17,56413.07,56413.07,31800.26,31933.91,0.593952,0.576079,0.633653,0.614586,6626.13,1.017677,1.035358
Q00170-L1,Q00170,PAS-000170,2026-04-25 22:00:00.000,Limit,None,0.1979,0.1281,0.0698,0.1386,0.5879,16109.43,15321.23,13294.39,17545.58,16687.11,14479.58,14479.58,10709.47,10455.21,0.61038,0.626544,0.664795,0.6824,2176.37,0.86771,0.951072
Q00170-L2,Q00170,PAS-000170,2026-04-25 22:00:00.000,Limit,None,0.1979,0.1281,0.0698,0.1386,0.5879,104002.41,112926.47,101132.46,115558.34,125473.97,112369.5,112369.5,79929.18,91018.7,0.691678,0.725399,0.768532,0.806,20226.65,0.89556,1.085806
Q00170-L3,Q00170,PAS-000170,2026-04-25 22:00:00.000,Limit,None,0.1979,0.1281,0.0698,0.1386,0.5879,28156.88,27133.62,22663.8,30829.85,29709.45,24815.3,24815.3,16981.11,17087.94,0.550801,0.575168,0.603089,0.62977,3929.93,0.835266,0.963659
Q00171-L1,Q00171,PAS-000171,2026-04-25 22:00:00.000,Premium,None,0.2318,0.114,0.1178,0.115,0.6072,86226.82,73869.41,63027.51,95314.46,81654.68,69670.13,69670.13,53908.99,45272.2,0.565591,0.554435,0.6252,0.612868,12018.56,0.853229,0.856687
Q00172-L1,Q00172,PAS-000172,2026-04-25 22:00:00.000,Premium,None,0.1952,0.1273,0.0679,0.1325,0.6775,23764.93,24127.82,22344.64,26027.05,26424.48,24471.56,24471.56,15617.96,15529.11,0.600066,0.587679,0.657185,0.643618,3884.13,0.926094,1.01527
Q00172-L2,Q00172,PAS-000172,2026-04-25 22:00:00.000,Premium,None,0.1952,0.1273,0.0679,0.1325,0.6775,14268.92,14056.77,10998.37,15983.95,15746.31,12320.31,12320.31,11099.27,11349.89,0.694401,0.720797,0.777864,0.807432,2360.19,0.782425,0.985132
Q00173-L1,Q00173,PAS-000173,2026-04-25 22:00:00.000,Limit,None,0.1084,0.0897,0.0187,0.0799,0.8466,38737.24,41186.15,37572.96,40892.2,43477.35,39663.15,39663.15,22881.31,24715.65,0.559552,0.568472,0.59068,0.600096,3960.08,0.912272,1.063219
Q00174-L1,Q00174,PAS-000174,2026-04-25 22:00:00.000,Premium,None,0.0726,0.0561,0.0165,0.0528,0.8171,53168.62,49346.59,44518.14,59559.4,55277.97,49869.14,49869.14,36199.15,33565.24,0.607782,0.607208,0.680837,0.680194,9553.67,0.902152,0.928115
Q00174-L2,Q00174,PAS-000174,2026-04-25 22:00:00.000,Premium,None,0.0726,0.0561,0.0165,0.0528,0.8171,68669.54,66434.67,62045.6,73186.88,70804.99,66127.18,66127.18,38648.56,36506.03,0.52808,0.515586,0.56282,0.549503,7659.32,0.933934,0.967455
Q00175-L1,Q00175,PAS-000175,2026-04-25 22:00:00.000,Premium,None,0.2637,0.1773,0.0864,0.18,0.5426,54214.34,49937.34,40471.94,59858.05,55135.81,44685.05,44685.05,31416.43,28551.39,0.524849,0.517837,0.579486,0.571744,7631.77,0.810454,0.921109
Q00176-L1,Q00176,PAS-000176,2026-04-25 22:00:00.000,Limit,None,0.0555,0.0264,0.0291,0.0296,0.6995,6671.08,6946.59,6573.75,7239.71,7538.7,7134.08,7134.08,4326.02,4726.29,0.597541,0.626937,0.648474,0.680375,1032.64,0.946327,1.041299
Q00177-L1,Q00177,PAS-000177,2026-04-25 22:00:00.000,Limit,None,0.1037,0.0544,0.0493,0.0508,0.8975,26410.6,24509.7,20124.71,29397.35,27281.48,22400.59,22400.59,19804.15,17670.19,0.673671,0.647699,0.749856,0.720947,4089.31,0.821092,0.928025
Q00178-L1,Q00178,PAS-000178,2026-04-25 22:00:00.000,Exposure,None,0.2712,0.1791,0.0921,0.1861,0.861,67849.8,58306.34,55575.54,73885.14,63492.78,60519.07,60519.07,45350.45,38664.45,0.613797,0.608958,0.668395,0.663126,9079.43,0.953165,0.859344
Q00178-L2,Q00178,PAS-000178,2026-04-25 22:00:00.000,Exposure,None,0.2712,0.1791,0.0921,0.1861,0.861,74475.69,73923.71,65681.7,79005.0,78419.45,69676.2,69676.2,49326.93,49895.83,0.624352,0.636269,0.662322,0.674964,7530.99,0.888507,0.992588
Q00179-L1,Q00179,PAS-000179,2026-04-25 22:00:00.000,Premium,None,0.1048,0.0847,0.0201,0.0918,0.5264,17115.41,18020.2,17213.67,18256.38,19221.49,18361.19,18361.19,10592.55,11676.05,0.580211,0.607448,0.61889,0.647942,2151.61,0.955243,1.052864
Q00179-L2,Q00179,PAS-000179,2026-04-25 22:00:00.000,Premium,None,0.1048,0.0847,0.0201,0.0918,0.5264,20662.09,21955.19,18944.3,22214.59,23604.86,20367.73,20367.73,12777.1,13676.55,0.575167,0.579396,0.618384,0.62293,2647.91,0.862862,1.062584
Q00179-L3,Q00179,PAS-000179,2026-04-25 22:00:00.000,Premium,None,0.1048,0.0847,0.0201,0.0918,0.5264,15030.23,16375.21,15828.96,16578.03,18061.52,17459.02,17459.02,10312.67,10980.87,0.622069,0.607971,0.686129,0.670579,2955.73,0.966642,1.089485
Q00180-L1,Q00180,PAS-000180,2026-04-25 22:00:00.000,Exposure,None,0.2957,0.179,0.1167,0.2024,0.9462,41391.11,35975.72,35782.26,45377.43,39440.49,39228.39,39228.39,25620.23,22632.21,0.564603,0.573832,0.618979,0.629097,6286.8,0.994622,0.869165
Q00181-L1,Q00181,PAS-000181,2026-04-25 22:00:00.000,Exposure,None,0.0939,0.0437,0.0502,0.0379,0.7707,31244.73,28520.7,26389.25,34730.53,31702.59,29333.35,29333.35,21119.54,20012.56,0.608097,0.63126,0.675939,0.701686,5297.22,0.925267,0.912816
Q00182-L1,Q00182,PAS-000182,2026-04-25 22:00:00.000,Exposure,None,0.1967,0.1607,0.036,0.1739,0.8809,94773.04,96213.74,95701.2,107740.44,109378.26,108795.59,108795.59,57965.59,59658.41,0.538011,0.545432,0.611625,0.620061,23036.76,0.994673,1.015202
Q00182-L2,Q00182,PAS-000182,2026-04-25 22:00:00.000,Exposure,None,0.1967,0.1607,0.036,0.1739,0.8809,147012.3,158289.46,163960.79,164167.13,176760.21,183093.33,183093.33,82881.53,86567.89,0.504861,0.489748,0.563773,0.546896,34266.54,1.035829,1.076709
Q00182-L3,Q00182,PAS-000182,2026-04-25 22:00:00.000,Exposure,None,0.1967,0.1607,0.036,0.1739,0.8809,67030.2,71121.08,64452.67,75698.76,80318.7,72787.9,72787.9,50913.57,54744.34,0.672581,0.681589,0.759562,0.769734,14761.46,0.906239,1.06103
Q00183-L1,Q00183,PAS-000183,2026-04-25 22:00:00.000,Limit,None,0.0936,0.0784,0.0152,0.083,0.918,7105.03,6549.14,5552.02,7907.78,7289.08,6179.31,6179.31,4293.64,3854.21,0.542964,0.528764,0.60431,0.588506,1127.22,0.847748,0.921761
Q00183-L2,Q00183,PAS-000183,2026-04-25 22:00:00.000,Limit,None,0.0936,0.0784,0.0152,0.083,0.918,27898.88,27099.45,29174.71,30379.4,29508.9,31768.67,31768.67,21155.74,19937.14,0.696384,0.675632,0.758301,0.735703,4764.31,1.076579,0.971346
Q00184-L1,Q00184,PAS-000184,2026-04-25 22:00:00.000,Premium,None,0.2803,0.2346,0.0457,0.215,0.7545,78667.48,82397.7,72391.24,86571.74,90676.75,79664.88,79664.88,54924.66,54895.55,0.634441,0.605398,0.698188,0.666227,13219.07,0.878559,1.047417
Q00184-L2,Q00184,PAS-000184,2026-04-25 22:00:00.000,Premium,None,0.2803,0.2346,0.0457,0.215,0.7545,569329.32,528608.72,466842.45,602317.42,559237.38,493892.25,493892.25,438195.9,422997.35,0.727517,0.756382,0.76967,0.800209,51136.64,0.883153,0.928476
Q00184-L3,Q00184,PAS-000184,2026-04-25 22:00:00.000,Premium,None,0.2803,0.2346,0.0457,0.215,0.7545,232905.14,221079.1,220977.7,262637.34,249301.6,249187.26,249187.26,140742.12,134543.94,0.53588,0.539683,0.604289,0.608578,50032.12,0.999541,0.949224
Q00185-L1,Q00185,PAS-000185,2026-04-25 22:00:00.000,Exposure,None,0.1024,0.0745,0.0279,0.0712,0.8542,31887.5,33283.51,30855.77,34935.02,36464.44,33804.68,33804.68,18200.02,19186.43,0.520968,0.526168,0.570757,0.576455,5383.33,0.927059,1.043779
Q00185-L2,Q00185,PAS-000185,2026-04-25 22:00:00.000,Exposure,None,0.1024,0.0745,0.0279,0.0712,0.8542,23195.7,24542.98,23839.51,26075.41,27589.97,26799.16,26799.16,16726.66,18468.96,0.641472,0.669409,0.721111,0.752515,5265.58,0.971337,1.058084
Q00186-L1,Q00186,PAS-000186,2026-04-25 22:00:00.000,Premium,None,0.1699,0.1352,0.0347,0.1413,0.8092,28890.03,27506.03,27700.3,30545.43,29082.11,29287.52,29287.52,19434.27,18872.61,0.636242,0.648942,0.672698,0.686126,3002.4,1.007063,0.952094
Q00187-L1,Q00187,PAS-000187,2026-04-25 22:00:00.000,Exposure,None,0.1868,0.1512,0.0356,0.1327,0.7673,161342.53,156294.7,136143.42,173641.57,168208.94,146521.54,146521.54,117841.82,110101.45,0.67865,0.654552,0.730383,0.704448,19286.09,0.871069,0.968714
Q00187-L2,Q00187,PAS-000187,2026-04-25 22:00:00.000,Exposure,Conditional discount applied,0.1868,0.1512,0.0356,0.1327,0.7673,65145.38,70116.45,55778.34,72825.46,78382.58,62354.13,62354.13,47800.85,49157.26,0.656375,0.627145,0.733757,0.70108,11764.63,0.79551,1.076307
Q00188-L1,Q00188,PAS-000188,2026-04-25 22:00:00.000,Exposure,None,0.1885,0.1546,0.0339,0.1565,0.7973,169130.9,154458.07,139211.72,187490.16,171224.59,154323.24,154323.24,120276.06,114269.94,0.641506,0.667369,0.711142,0.739812,27263.55,0.901291,0.913246
Q00189-L1,Q00189,PAS-000189,2026-04-25 22:00:00.000,Limit,Conditional discount applied,0.2063,0.1325,0.0738,0.1165,0.5931,27509.98,23437.59,24615.84,31245.83,26620.4,27958.66,27958.66,20938.49,17483.7,0.670121,0.656778,0.761123,0.745968,5886.29,1.050272,0.851967
Q00189-L2,Q00189,PAS-000189,2026-04-25 22:00:00.000,Limit,None,0.2063,0.1325,0.0738,0.1165,0.5931,54801.47,50656.05,50954.4,58424.8,54005.3,54323.37,54323.37,35672.17,32370.96,0.610566,0.599403,0.650935,0.639034,6320.08,1.00589,0.924356
Q00190-L1,Q00190,PAS-000190,2026-04-25 22:00:00.000,Premium,None,0.2714,0.1622,0.1092,0.1596,0.6185,46687.07,40618.85,39892.84,51128.99,44483.43,43688.35,43688.35,33591.19,30471.57,0.656989,0.685009,0.719497,0.750183,6931.53,0.982126,0.870024
Q00191-L1,Q00191,PAS-000191,2026-04-25 22:00:00.000,Premium,None,0.2546,0.1572,0.0974,0.1589,0.8901,36972.84,39917.23,33023.07,39417.76,42556.85,35206.8,35206.8,22554.29,23294.52,0.572186,0.547374,0.610023,0.583571,4096.56,0.827289,1.079637
Q00192-L1,Q00192,PAS-000192,2026-04-25 22:00:00.000,Exposure,None,0.1623,0.1346,0.0277,0.1212,0.5954,13429.03,13748.68,13439.93,14889.76,15244.18,14901.85,14901.85,7953.48,8096.71,0.534158,0.531135,0.59226,0.588908,2636.99,0.977544,1.023803
Q00193-L1,Q00193,PAS-000193,2026-04-25 22:00:00.000,Premium,None,0.0668,0.0404,0.0264,0.0392,0.6468,8336.42,7502.93,6638.85,9193.08,8273.94,7321.06,7321.06,4797.53,4209.75,0.521863,0.508796,0.57549,0.56108,1237.29,0.884834,0.900019
Q00194-L1,Q00194,PAS-000194,2026-04-25 22:00:00.000,Premium,None,0.0752,0.0424,0.0328,0.0429,0.6547,9063.61,9050.05,8201.6,10304.9,10289.48,9324.84,9324.84,5926.17,6138.32,0.575083,0.596563,0.653843,0.678264,1975.87,0.906249,0.998504
Q00195-L1,Q00195,PAS-000195,2026-04-25 22:00:00.000,Exposure,None,0.1688,0.0941,0.0747,0.0905,0.652,43861.06,43784.53,38951.17,47220.05,47137.66,41934.14,41934.14,24975.0,24601.33,0.528907,0.521904,0.569412,0.561873,5541.57,0.88961,0.998255
Q00195-L2,Q00195,PAS-000195,2026-04-25 22:00:00.000,Exposure,None,0.1688,0.0941,0.0747,0.0905,0.652,93738.27,80163.44,63086.16,103223.45,88275.01,69469.71,69469.71,64750.72,53871.5,0.627287,0.610269,0.690761,0.672021,11593.94,0.786969,0.855184
Q00196-L1,Q00196,PAS-000196,2026-04-25 22:00:00.000,Premium,None,0.1542,0.1092,0.045,0.099,0.5951,17598.34,16110.33,16164.84,18597.66,17025.15,17082.76,17082.76,12180.53,11262.56,0.65495,0.661525,0.692141,0.69909,1737.19,1.003384,0.915446
Q00196-L2,Q00196,PAS-000196,2026-04-25 22:00:00.000,Premium,None,0.1542,0.1092,0.045,0.099,0.5951,59609.17,50878.14,47172.39,66826.57,57038.4,52883.96,52883.96,45511.93,40117.0,0.681045,0.703333,0.763506,0.788492,10189.42,0.927164,0.853529
Q00197-L1,Q00197,PAS-000197,2026-04-25 22:00:00.000,Limit,None,0.2688,0.1425,0.1263,0.1236,0.5149,74350.65,66974.05,69766.97,83634.58,75336.89,78478.56,78478.56,45445.1,41945.17,0.543377,0.556768,0.611227,0.62629,15489.1,1.041702,0.900786
Q00198-L1,Q00198,PAS-000198,2026-04-25 22:00:00.000,Premium,None,0.1615,0.1347,0.0268,0.1337,0.7481,27625.53,29173.18,28262.53,29520.84,31174.66,30201.54,30201.54,16340.09,17760.16,0.55351,0.569699,0.591485,0.608784,3629.04,0.968785,1.056022
Q00199-L1,Q00199,PAS-000199,2026-04-25 22:00:00.000,Premium,None,0.1524,0.0698,0.0826,0.0757,0.8454,36567.44,33235.1,30370.51,39261.73,35683.87,32608.21,32608.21,25014.61,23069.8,0.637124,0.646505,0.684068,0.69414,4168.28,0.913808,0.908871
Q00200-L1,Q00200,PAS-000200,2026-04-25 22:00:00.000,Limit,None,0.1046,0.0597,0.0449,0.0601,0.7806,193801.57,183993.02,158670.0,210370.83,199723.69,172235.66,172235.66,125458.79,120266.84,0.59637,0.602166,0.647357,0.653649,24994.38,0.86237,0.949389
Q00200-L2,Q00200,PAS-000200,2026-04-25 22:00:00.000,Limit,None,0.1046,0.0597,0.0449,0.0601,0.7806,13293.43,11472.6,11863.81,14533.42,12542.75,12970.44,12970.44,8394.66,7321.89,0.577611,0.583755,0.631489,0.638207,2024.44,1.034099,0.863028
Q00201-L1,Q00201,PAS-000201,2026-04-25 22:00:00.000,Exposure,None,0.288,0.2047,0.0833,0.1856,0.7328,52253.57,44485.57,41074.66,56709.23,48278.85,44577.1,44577.1,40487.66,35059.09,0.713952,0.726179,0.77483,0.7881,6454.5,0.923326,0.85134
Q00202-L1,Q00202,PAS-000202,2026-04-25 22:00:00.000,Exposure,None,0.0588,0.0431,0.0157,0.044,0.5855,5988.35,5151.66,4395.96,6389.21,5496.51,4690.22,4690.22,3972.39,3362.41,0.621734,0.611735,0.663353,0.652685,551.6,0.853309,0.860281
Q00202-L2,Q00202,PAS-000202,2026-04-25 22:00:00.000,Exposure,None,0.0588,0.0431,0.0157,0.044,0.5855,17116.71,15663.53,13886.14,19526.0,17868.27,15840.7,15840.7,11379.51,10906.34,0.582787,0.610375,0.664818,0.696289,3426.79,0.886527,0.915102
Q00203-L1,Q00203,PAS-000203,2026-04-25 22:00:00.000,Limit,None,0.1147,0.0887,0.026,0.0957,0.5824,27846.18,26663.32,27243.07,29933.8,28662.26,29285.48,29285.48,20628.6,20595.2,0.689141,0.718548,0.740806,0.772417,3799.93,1.021744,0.957522
Q00203-L2,Q00203,PAS-000203,2026-04-25 22:00:00.000,Limit,None,0.1147,0.0887,0.026,0.0957,0.5824,102672.27,99881.5,104266.66,113034.8,109962.37,114790.11,114790.11,78262.57,77175.69,0.692376,0.701837,0.762256,0.772673,19117.42,1.043904,0.972819
Q00204-L1,Q00204,PAS-000204,2026-04-25 22:00:00.000,Exposure,None,0.1676,0.1335,0.0341,0.1368,0.9249,157002.56,135593.97,115849.9,171637.88,148233.64,126649.08,126649.08,92257.47,79415.53,0.537512,0.535746,0.587618,0.585686,19756.71,0.854388,0.863642
Q00205-L1,Q00205,PAS-000205,2026-04-25 22:00:00.000,Exposure,None,0.2732,0.2308,0.0424,0.2061,0.8881,64191.69,70431.42,65759.6,70103.67,76918.07,71815.98,71815.98,36966.25,41450.9,0.527308,0.538897,0.575873,0.588529,11091.27,0.933669,1.097205
Q00206-L1,Q00206,PAS-000206,2026-04-25 22:00:00.000,Premium,None,0.2409,0.1169,0.124,0.1209,0.7851,86376.54,77819.52,68482.65,97339.01,87695.97,77174.12,77174.12,62405.79,58037.08,0.641118,0.661799,0.722485,0.745791,15425.24,0.880019,0.900933
Q00207-L1,Q00207,PAS-000207,2026-04-25 22:00:00.000,Premium,None,0.051,0.0379,0.0131,0.0348,0.8946,11360.76,9668.36,9463.43,12131.64,10324.4,10105.56,10105.56,8653.43,7177.41,0.713295,0.695188,0.761695,0.74236,1202.66,0.978803,0.851031
Q00208-L1,Q00208,PAS-000208,2026-04-25 22:00:00.000,Premium,Conditional discount applied,0.2989,0.1755,0.1234,0.1966,0.6617,823487.14,767625.43,675553.87,939624.85,875884.87,770828.32,770828.32,476023.26,438121.33,0.50661,0.500204,0.578058,0.570749,166997.03,0.880057,0.932164
Q00209-L1,Q00209,PAS-000209,2026-04-25 22:00:00.000,Exposure,None,0.1139,0.0756,0.0383,0.0654,0.9476,36964.56,35672.95,34399.43,40442.14,39029.02,37635.69,37635.69,25672.7,24204.12,0.634801,0.620157,0.694522,0.678501,5915.95,0.9643,0.965058
Q00209-L2,Q00209,PAS-000209,2026-04-25 22:00:00.000,Exposure,Conditional discount applied,0.1139,0.0756,0.0383,0.0654,0.9476,46394.49,39943.88,37777.19,50648.05,43606.03,41240.69,41240.69,35626.62,32206.26,0.703415,0.738574,0.767906,0.806288,6345.26,0.945757,0.860962
Q00210-L1,Q00210,PAS-000210,2026-04-25 22:00:00.000,Premium,None,0.2076,0.1184,0.0892,0.1241,0.7981,135582.44,142414.37,125289.43,152316.04,159991.17,140752.66,140752.66,97764.97,103175.55,0.641856,0.644883,0.721074,0.724474,27528.85,0.879753,1.050389
Q00211-L1,Q00211,PAS-000211,2026-04-25 22:00:00.000,Premium,None,0.2445,0.1913,0.0532,0.2185,0.6611,84237.05,76975.05,66931.26,94416.65,86277.09,75019.56,75019.56,54059.21,47030.2,0.57256,0.545107,0.641751,0.61098,14432.5,0.869519,0.913791
Q00212-L1,Q00212,PAS-000212,2026-04-25 22:00:00.000,Premium,Conditional discount applied,0.1779,0.1315,0.0464,0.1158,0.6152,11679.25,12714.13,10753.17,12590.71,13706.35,11592.35,11592.35,8575.53,9555.6,0.6811,0.697166,0.734253,0.751573,1556.87,0.845765,1.088608
Q00213-L1,Q00213,PAS-000213,2026-04-25 22:00:00.000,Limit,None,0.0737,0.0555,0.0182,0.0479,0.8834,32958.14,32987.09,29561.75,34958.03,34988.74,31355.55,31355.55,20912.44,20302.61,0.598216,0.580261,0.634515,0.615471,3382.36,0.896161,1.000878
Q00213-L2,Q00213,PAS-000213,2026-04-25 22:00:00.000,Limit,None,0.0737,0.0555,0.0182,0.0479,0.8834,16508.54,14404.62,13087.45,17897.72,15616.76,14188.74,14188.74,9787.28,8651.55,0.546845,0.553992,0.592862,0.60061,2031.63,0.908559,0.872556
Q00214-L1,Q00214,PAS-000214,2026-04-25 22:00:00.000,Premium,None,0.2906,0.1624,0.1282,0.1568,0.8828,93146.5,101838.74,97482.74,103332.02,112974.75,108142.43,108142.43,66519.29,75858.83,0.643743,0.671467,0.714136,0.744892,19217.9,0.957226,1.093318
Q00214-L2,Q00214,PAS-000214,2026-04-25 22:00:00.000,Premium,None,0.2906,0.1624,0.1282,0.1568,0.8828,71681.11,62347.93,61611.26,77286.67,67223.62,66429.35,66429.35,55650.55,49296.78,0.720054,0.733325,0.776363,0.790672,8937.27,0.988185,0.869796
Q00215-L1,Q00215,PAS-000215,2026-04-25 22:00:00.000,Premium,None,0.1449,0.086,0.0589,0.0738,0.808,53829.47,51511.19,48169.64,59239.49,56688.22,53010.83,53010.83,40963.12,39251.54,0.691483,0.692411,0.760979,0.762,8798.14,0.93513,0.956933
Q00215-L2,Q00215,PAS-000215,2026-04-25 22:00:00.000,Premium,None,0.1449,0.086,0.0589,0.0738,0.808,12179.87,12827.92,11486.49,13442.34,14157.56,12677.1,12677.1,8852.19,8872.19,0.658531,0.626675,0.726789,0.691632,2157.57,0.895429,1.053206
Q00216-L1,Q00216,PAS-000216,2026-04-25 22:00:00.000,Exposure,None,0.1346,0.0887,0.0459,0.094,0.5429,25823.75,27025.7,27039.7,27280.37,28550.12,28564.9,28564.9,16675.37,17808.19,0.611259,0.623752,0.645738,0.658935,2887.54,1.000518,1.046544
Q00216-L2,Q00216,PAS-000216,2026-04-25 22:00:00.000,Exposure,None,0.1346,0.0887,0.0459,0.094,0.5429,20916.56,22003.35,19638.23,23738.02,24971.41,22287.26,22287.26,15400.89,15733.0,0.648786,0.63004,0.736301,0.715027,4668.34,0.892511,1.051959
Q00217-L1,Q00217,PAS-000217,2026-04-25 22:00:00.000,Limit,None,0.2674,0.1283,0.1391,0.128,0.6084,18672.93,17082.55,16340.47,20352.75,18619.29,17810.46,17810.46,10347.06,9366.34,0.508386,0.503045,0.554121,0.548299,2697.32,0.956559,0.914829
Q00217-L2,Q00217,PAS-000217,2026-04-25 22:00:00.000,Limit,None,0.2674,0.1283,0.1391,0.128,0.6084,20094.43,20384.38,19835.33,22437.92,22761.68,22148.6,22148.6,12451.39,13026.58,0.554926,0.572303,0.619644,0.639047,4143.34,0.973065,1.014429
Q00217-L3,Q00217,PAS-000217,2026-04-25 22:00:00.000,Limit,None,0.2674,0.1283,0.1391,0.128,0.6084,47862.72,52207.96,49959.44,53799.38,58683.57,56156.17,56156.17,27289.22,28680.54,0.50724,0.488732,0.570156,0.549352,11025.86,0.956932,1.090785
Q00218-L1,Q00218,PAS-000218,2026-04-25 22:00:00.000,Exposure,Conditional discount applied,0.2952,0.2208,0.0744,0.1889,0.6815,88895.72,76157.31,70003.31,94659.2,81094.89,74541.91,74541.91,53836.09,47699.36,0.568736,0.588192,0.605609,0.626327,8524.52,0.919194,0.856704
Q00219-L1,Q00219,PAS-000219,2026-04-25 22:00:00.000,Premium,Conditional discount applied,0.0636,0.0343,0.0293,0.0338,0.7521,5190.63,4523.75,4431.25,5528.49,4818.21,4719.69,4719.69,3358.5,2814.75,0.607491,0.584191,0.647032,0.622216,541.61,0.979553,0.871523
Q00219-L2,Q00219,PAS-000219,2026-04-25 22:00:00.000,Premium,None,0.0636,0.0343,0.0293,0.0338,0.7521,3720.72,3180.87,2905.86,3993.03,3413.67,3118.54,3118.54,2298.7,2029.92,0.575678,0.594644,0.617811,0.638165,396.34,0.913543,0.854907
Q00220-L1,Q00220,PAS-000220,2026-04-25 22:00:00.000,Premium,None,0.0614,0.0317,0.0297,0.0283,0.8226,20146.52,17641.62,17677.32,21955.29,19225.5,19264.4,19264.4,13006.75,11384.67,0.59242,0.592165,0.645608,0.64533,2912.66,1.002024,0.875666
Q00220-L2,Q00220,PAS-000220,2026-04-25 22:00:00.000,Premium,Conditional discount applied,0.0614,0.0317,0.0297,0.0283,0.8226,18603.98,17672.3,16345.18,20771.39,19731.17,18249.43,18249.43,14234.18,14069.04,0.685278,0.713037,0.765115,0.796107,3411.11,0.924904,0.94992
Q00221-L1,Q00221,PAS-000221,2026-04-25 22:00:00.000,Limit,None,0.1536,0.1261,0.0275,0.1389,0.765,38354.86,33183.71,26004.09,42298.35,36595.52,28677.73,28677.73,25975.78,21951.9,0.614109,0.599852,0.677249,0.661526,4848.74,0.78364,0.865176
Q00221-L2,Q00221,PAS-000221,2026-04-25 22:00:00.000,Limit,None,0.1536,0.1261,0.0275,0.1389,0.765,79300.33,80215.85,73263.22,86451.35,87449.43,79869.83,79869.83,46557.76,48160.6,0.538543,0.550725,0.587107,0.600388,12120.26,0.913326,1.011545
Q00222-L1,Q00222,PAS-000222,2026-04-25 22:00:00.000,Exposure,None,0.0934,0.0725,0.0209,0.0639,0.7959,44962.15,43923.93,41236.87,50034.28,48878.94,45888.75,45888.75,34261.13,34653.01,0.684753,0.708956,0.761999,0.788932,8360.62,0.938825,0.976909
Q00222-L2,Q00222,PAS-000222,2026-04-25 22:00:00.000,Exposure,None,0.0934,0.0725,0.0209,0.0639,0.7959,53697.85,50883.7,46176.47,61061.21,57861.17,52508.45,52508.45,37592.53,35124.61,0.615653,0.60705,0.700075,0.690292,11136.82,0.90749,0.947593
Q00223-L1,Q00223,PAS-000223,2026-04-25 22:00:00.000,Premium,None,0.225,0.1686,0.0564,0.1584,0.8157,37148.62,33081.08,28483.99,41359.07,36830.52,31712.39,31712.39,21168.18,18818.15,0.511815,0.510939,0.569824,0.568849,5799.47,0.861036,0.890506
Q00223-L2,Q00223,PAS-000223,2026-04-25 22:00:00.000,Premium,None,0.225,0.1686,0.0564,0.1584,0.8157,22747.73,24698.66,22757.53,24397.07,26489.45,24407.58,24407.58,15424.58,17583.58,0.632231,0.663796,0.678071,0.711924,3077.0,0.921407,1.085764
Q00223-L3,Q00223,PAS-000223,2026-04-25 22:00:00.000,Premium,None,0.225,0.1686,0.0564,0.1584,0.8157,83704.98,85314.79,72684.66,94524.18,96342.06,82079.44,82079.44,55730.79,58545.39,0.589593,0.607683,0.6658,0.686228,16638.92,0.851958,1.019232
Q00224-L1,Q00224,PAS-000224,2026-04-25 22:00:00.000,Premium,None,0.2402,0.1621,0.0781,0.1661,0.9242,34236.45,33263.83,35925.57,38418.98,37327.55,40314.46,40314.46,24888.39,24834.47,0.647815,0.665312,0.726956,0.746591,7822.18,1.080019,0.971591
Q00224-L2,Q00224,PAS-000224,2026-04-25 22:00:00.000,Premium,Conditional discount applied,0.2402,0.1621,0.0781,0.1661,0.9242,73100.59,77731.66,78570.93,80802.86,85921.88,86849.58,86849.58,41956.28,42608.53,0.519243,0.495899,0.573953,0.548149,14979.03,1.010797,1.063352
Q00225-L1,Q00225,PAS-000225,2026-04-25 22:00:00.000,Limit,None,0.0902,0.0509,0.0393,0.0471,0.8777,35364.5,38676.91,38008.36,39108.09,42771.14,42031.82,42031.82,26432.45,27757.32,0.675882,0.648973,0.747429,0.717672,7276.64,0.982714,1.093665
Q00225-L2,Q00225,PAS-000225,2026-04-25 22:00:00.000,Limit,None,0.0902,0.0509,0.0393,0.0471,0.8777,8578.56,7650.03,6378.69,9178.9,8185.39,6825.08,6825.08,5431.75,4954.43,0.591765,0.605277,0.633177,0.647635,834.38,0.833812,0.891762
Q00226-L1,Q00226,PAS-000226,2026-04-25 22:00:00.000,Exposure,Premium reduction conditional on no claims,0.2461,0.1894,0.0567,0.1773,0.799,8965.36,7966.38,7146.75,10089.73,8965.47,8043.04,8043.04,5184.54,4469.51,0.513844,0.498526,0.578286,0.561047,1592.83,0.897113,0.888574
Q00226-L2,Q00226,PAS-000226,2026-04-25 22:00:00.000,Exposure,None,0.2461,0.1894,0.0567,0.1773,0.799,37446.98,31891.61,31827.39,40949.15,34874.21,34804.0,34804.0,23065.63,18998.01,0.563275,0.544758,0.615954,0.595706,5444.06,0.997986,0.851647
Q00226-L3,Q00226,PAS-000226,2026-04-25 22:00:00.000,Exposure,None,0.2461,0.1894,0.0567,0.1773,0.799,15793.49,14393.6,14038.2,17350.22,15812.35,15421.91,15421.91,11545.98,10141.66,0.665466,0.641376,0.73106,0.704595,2519.12,0.975308,0.911363
Q00227-L1,Q00227,PAS-000227,2026-04-25 22:00:00.000,Premium,None,0.2911,0.1653,0.1258,0.1493,0.8072,120231.56,129190.77,134993.74,131935.8,141767.17,148135.04,148135.04,84992.37,95378.18,0.644195,0.67278,0.706906,0.738274,23951.03,1.044918,1.074516
Q00228-L1,Q00228,PAS-000228,2026-04-25 22:00:00.000,Exposure,None,0.2274,0.1164,0.111,0.1043,0.6452,28757.68,24944.28,22247.23,31262.56,27117.0,24185.03,24185.03,20925.41,18030.94,0.669344,0.664931,0.727646,0.722849,3565.07,0.891877,0.867395
Q00229-L1,Q00229,PAS-000229,2026-04-25 22:00:00.000,Limit,None,0.0898,0.0599,0.0299,0.0582,0.6572,4906.9,5302.54,4479.44,5410.58,5846.83,4939.24,4939.24,3802.25,4306.07,0.702744,0.736479,0.774879,0.812076,834.0,0.844772,1.08063
Q00229-L2,Q00229,PAS-000229,2026-04-25 22:00:00.000,Limit,None,0.0898,0.0599,0.0299,0.0582,0.6572,23040.13,24686.25,23765.55,26049.24,27910.34,26869.4,26869.4,16495.74,17345.01,0.633252,0.621455,0.715957,0.702618,5490.6,0.962704,1.071446
Q00229-L3,Q00229,PAS-000229,2026-04-25 22:00:00.000,Limit,Conditional discount applied,0.0898,0.0599,0.0299,0.0582,0.6572,9908.49,10652.14,10048.51,10552.33,11344.31,10701.45,10701.45,6370.22,6946.85,0.603679,0.612365,0.642906,0.652156,1226.21,0.943332,1.075052
Q00230-L1,Q00230,PAS-000230,2026-04-25 22:00:00.000,Premium,None,0.1365,0.0745,0.062,0.0777,0.9134,39095.31,36605.43,36280.41,43374.5,40612.09,40251.49,40251.49,28474.76,27677.0,0.656486,0.681497,0.728342,0.75609,7158.62,0.991121,0.936313
Q00231-L1,Q00231,PAS-000231,2026-04-25 22:00:00.000,Premium,None,0.1241,0.0882,0.0359,0.0834,0.5371,11162.51,10576.46,10226.58,12627.14,11964.19,11568.41,11568.41,7475.62,7112.03,0.592028,0.594443,0.669708,0.67244,2372.38,0.966919,0.947498
Q00232-L1,Q00232,PAS-000232,2026-04-25 22:00:00.000,Limit,None,0.0884,0.056,0.0324,0.0532,0.5394,24250.87,24467.22,19263.8,27457.15,27702.11,21810.72,21810.72,16349.56,16097.37,0.595457,0.581088,0.674185,0.657916,4499.02,0.787331,1.008921
Q00233-L1,Q00233,PAS-000233,2026-04-25 22:00:00.000,Limit,None,0.2104,0.1467,0.0637,0.158,0.7635,56973.36,54448.67,50280.97,63650.2,60829.64,56173.51,56173.51,42363.35,39513.43,0.665565,0.649575,0.743564,0.725701,10548.84,0.923456,0.955686
Q00233-L2,Q00233,PAS-000233,2026-04-25 22:00:00.000,Limit,None,0.2104,0.1467,0.0637,0.158,0.7635,33804.22,32525.89,30440.21,35598.05,34251.88,32055.52,32055.52,21227.89,19886.11,0.596322,0.580585,0.627965,0.611393,3067.83,0.935876,0.962184
Q00234-L1,Q00234,PAS-000234,2026-04-25 22:00:00.000,Exposure,None,0.105,0.0786,0.0264,0.0856,0.8823,9925.4,10209.88,10590.41,11027.17,11343.23,11766.0,11766.0,7386.82,7396.3,0.669875,0.652045,0.744234,0.724425,2116.26,1.03727,1.028662
Q00235-L1,Q00235,PAS-000235,2026-04-25 22:00:00.000,Limit,None,0.1485,0.0993,0.0492,0.0869,0.5945,106742.27,94466.15,85010.43,119306.88,105585.74,95017.0,95017.0,61291.64,54331.91,0.513731,0.514576,0.574202,0.575147,17905.48,0.899904,0.884993
Q00235-L2,Q00235,PAS-000235,2026-04-25 22:00:00.000,Limit,None,0.1485,0.0993,0.0492,0.0869,0.5945,32129.87,30959.62,26110.74,34997.07,33722.39,28440.8,28440.8,20716.45,19147.95,0.591948,0.567811,0.644772,0.618482,4278.34,0.843381,0.963577
Q00236-L1,Q00236,PAS-000236,2026-04-25 22:00:00.000,Premium,None,0.2831,0.24,0.0431,0.2372,0.7473,37648.83,38371.9,34718.99,41459.94,42256.2,38233.52,38233.52,27450.88,29018.92,0.662106,0.686737,0.72913,0.756254,6382.92,0.904803,1.019206
Q00237-L1,Q00237,PAS-000237,2026-04-25 22:00:00.000,Limit,None,0.0675,0.0356,0.0319,0.0354,0.6478,11112.29,12213.83,11725.63,12643.21,13896.51,13341.05,13341.05,7981.9,8700.24,0.631319,0.626074,0.718295,0.712327,2839.63,0.960029,1.099128
Q00237-L2,Q00237,PAS-000237,2026-04-25 22:00:00.000,Limit,None,0.0675,0.0356,0.0319,0.0354,0.6478,3903.27,4262.41,3942.19,4287.83,4682.34,4330.58,4330.58,2770.26,3011.67,0.646076,0.643196,0.709728,0.706565,707.11,0.924873,1.092008
Q00238-L1,Q00238,PAS-000238,2026-04-25 22:00:00.000,Premium,None,0.0836,0.0621,0.0215,0.0691,0.7083,13503.43,13365.11,13762.91,14348.67,14201.7,14624.4,14624.4,10074.01,9582.29,0.702086,0.674728,0.746033,0.716963,1621.48,1.029764,0.989757
Q00239-L1,Q00239,PAS-000239,2026-04-25 22:00:00.000,Premium,None,0.0691,0.0332,0.0359,0.0284,0.7282,6106.27,5655.82,5086.08,6580.38,6094.95,5480.98,5480.98,3397.74,3034.7,0.516345,0.497904,0.556435,0.536563,732.89,0.899266,0.926231
Q00240-L1,Q00240,PAS-000240,2026-04-25 22:00:00.000,Exposure,None,0.2729,0.1872,0.0857,0.2073,0.5602,32449.67,35182.1,31127.32,34939.5,37881.59,33515.69,33515.69,19213.7,21330.84,0.549913,0.563093,0.592108,0.606298,4436.34,0.884749,1.084205
Q00241-L1,Q00241,PAS-000241,2026-04-25 22:00:00.000,Limit,None,0.1916,0.1296,0.062,0.1441,0.5658,58089.33,56363.74,49924.01,63411.32,61527.63,54497.92,54497.92,36462.64,34945.39,0.575018,0.567963,0.627699,0.619998,8380.05,0.885747,0.970294
Q00241-L2,Q00241,PAS-000241,2026-04-25 22:00:00.000,Limit,None,0.1916,0.1296,0.062,0.1441,0.5658,52263.19,46158.97,38809.81,57924.4,51158.97,43013.74,43013.74,37900.54,34033.6,0.65431,0.665252,0.725186,0.737313,7586.12,0.840786,0.883202
Q00242-L1,Q00242,PAS-000242,2026-04-25 22:00:00.000,Exposure,None,0.2795,0.2243,0.0552,0.1933,0.7918,224295.85,225618.61,203460.82,254164.89,255663.79,230555.29,230555.29,140850.96,135246.71,0.554172,0.529002,0.62797,0.599448,47820.75,0.901791,1.005897
Q00243-L1,Q00243,PAS-000243,2026-04-25 22:00:00.000,Limit,None,0.1791,0.1059,0.0732,0.1176,0.7191,37716.76,34674.67,28522.61,40227.83,36983.2,30421.56,30421.56,20959.39,19519.59,0.521017,0.527796,0.555705,0.562935,3560.83,0.822578,0.919344
Q00244-L1,Q00244,PAS-000244,2026-04-25 22:00:00.000,Premium,None,0.2293,0.114,0.1153,0.1048,0.865,43356.39,37775.9,39545.89,47677.79,41541.08,43487.49,43487.49,31400.93,28610.37,0.658607,0.688725,0.724251,0.757371,7168.69,1.046855,0.871288
Q00244-L2,Q00244,PAS-000244,2026-04-25 22:00:00.000,Premium,None,0.2293,0.114,0.1153,0.1048,0.865,36224.51,35342.79,27684.87,40221.25,39242.26,30739.42,30739.42,24354.74,24860.63,0.605519,0.633517,0.672328,0.703415,5502.04,0.783324,0.97566
Q00245-L1,Q00245,PAS-000245,2026-04-25 22:00:00.000,Exposure,None,0.1782,0.1437,0.0345,0.1285,0.5749,42334.61,42118.2,34577.73,46522.36,46284.54,37998.16,37998.16,26404.06,26502.6,0.567556,0.572602,0.623699,0.629243,6225.08,0.820969,0.994888
Q00245-L2,Q00245,PAS-000245,2026-04-25 22:00:00.000,Exposure,None,0.1782,0.1437,0.0345,0.1285,0.5749,6889.63,6441.73,5498.89,7266.05,6793.67,5799.32,5799.32,4625.82,4274.06,0.636635,0.629124,0.671417,0.663495,569.73,0.853635,0.934989
Q00245-L3,Q00245,PAS-000245,2026-04-25 22:00:00.000,Exposure,None,0.1782,0.1437,0.0345,0.1285,0.5749,12798.43,11463.14,11224.51,13638.09,12215.19,11960.9,11960.9,9841.97,8972.57,0.721653,0.734542,0.768998,0.782733,1382.12,0.979183,0.895667
Q00246-L1,Q00246,PAS-000246,2026-04-25 22:00:00.000,Limit,Conditional discount applied,0.2002,0.1537,0.0465,0.1685,0.5818,86251.5,77226.53,74570.31,92978.67,83249.8,80386.41,80386.41,49397.2,42647.15,0.531274,0.512279,0.572711,0.552234,10790.6,0.965605,0.895364
Q00246-L2,Q00246,PAS-000246,2026-04-25 22:00:00.000,Limit,None,0.2002,0.1537,0.0465,0.1685,0.5818,406163.36,350506.61,304732.21,448687.92,387204.0,336637.11,336637.11,245482.28,212026.36,0.547111,0.547583,0.604393,0.604914,57762.2,0.869405,0.86297
Q00247-L1,Q00247,PAS-000247,2026-04-25 22:00:00.000,Premium,None,0.2773,0.2007,0.0766,0.2204,0.7725,20229.13,18556.62,16471.35,22266.12,20425.2,18129.95,18129.95,11430.58,9991.55,0.513362,0.489178,0.565055,0.538436,3013.73,0.887626,0.917322
Q00248-L1,Q00248,PAS-000248,2026-04-25 22:00:00.000,Limit,None,0.0609,0.0403,0.0206,0.037,0.861,22101.96,22025.56,18230.91,24756.43,24670.85,20420.46,20420.46,15468.21,14837.56,0.624816,0.601421,0.699857,0.673652,3909.56,0.827716,0.996543
Q00248-L2,Q00248,PAS-000248,2026-04-25 22:00:00.000,Limit,None,0.0609,0.0403,0.0206,0.037,0.861,10134.78,10758.77,9925.98,11370.99,12071.09,11136.72,11136.72,5905.98,6294.97,0.519391,0.521491,0.582744,0.585101,2158.23,0.922594,1.061569
Q00249-L1,Q00249,PAS-000249,2026-04-25 22:00:00.000,Limit,None,0.0514,0.0384,0.013,0.0327,0.7351,99167.05,98055.19,78431.03,111542.5,110291.89,88218.74,88218.74,76463.38,76518.87,0.685509,0.693785,0.771056,0.780365,17403.57,0.799866,0.988788
Q00250-L1,Q00250,PAS-000250,2026-04-25 22:00:00.000,Limit,Premium reduction conditional on no claims,0.203,0.1719,0.0311,0.1666,0.5917,60113.97,52001.21,53551.63,64673.28,55945.22,57613.23,57613.23,36531.52,32170.19,0.564863,0.57503,0.607704,0.618643,7550.54,1.029815,0.865044
Q00250-L2,Q00250,PAS-000250,2026-04-25 22:00:00.000,Limit,None,0.203,0.1719,0.0311,0.1666,0.5917,138543.77,127505.69,108125.0,152255.39,140124.87,118826.08,118826.08,78427.56,69217.67,0.515105,0.493971,0.566085,0.542859,19474.76,0.848001,0.920328
