quote_id,layer_id,_pdm_last_update_timestamp,expiring_inception_date,expiring_expiry_date,expiring_exposure,expiring_limit,expiring_excess,expiring_deductible,expiring_our_share_pct,expiring_commission_percentage,expiring_ggwp,expiring_gnwp,expiring_modtech_gnwp,expiring_tech_gnwp,expiring_as_if_ggwp,gross_rarc,net_rarc,claims_inflation,breadth_of_cover_change,gross_exposure_change,gross_limits_and_excess_change,policy_term_change,other_changes,our_share_pct_london,our_share_pct_non_london
Q00001,Q00001-L1,2026-04-25 22:00:00.000,2024-01-22,2025-01-21,27460294.76,13590928.42,421119.61,175183.34,0.0579,0.2445,132466.61,119219.95,127252.04,115986.6,130416.66,0.20696,0.114406,0.053802,0.035936,0.138928,-0.021728,0.012087,-0.012729,0.0282,0.0297
Q00001,Q00001-L2,2026-04-25 22:00:00.000,2024-01-22,2025-01-21,99383847.93,24047595.79,1944452.06,570015.92,0.0579,0.2445,197632.63,177869.37,180925.86,199379.9,206342.38,0.03619,-0.059579,0.062382,0.037967,-0.055627,-0.027673,0.0319,-0.018786,0.0282,0.0297
Q00002,Q00002-L1,2026-04-25 22:00:00.000,2024-08-10,2025-08-10,593820.11,251624.35,8188.64,5999.91,0.2893,0.2211,44999.09,40499.18,44891.51,52017.18,45214.99,0.285267,0.215774,0.074014,-0.000235,0.050876,0.099601,0.042,0.017513,0.1691,0.1202
Q00002,Q00002-L2,2026-04-25 22:00:00.000,2024-08-10,2025-08-10,2894321.8,280743.3,10715.31,5716.65,0.2893,0.2211,49939.13,44945.22,51359.17,58895.75,51984.98,0.093053,0.080275,0.041942,-0.026055,0.104396,-0.021749,-0.009572,-0.005667,0.1691,0.1202
Q00003,Q00003-L1,2026-04-25 22:00:00.000,2024-10-25,2025-10-25,7897119.49,3955183.51,95249.76,73832.9,0.2261,0.2061,113144.99,101830.49,125954.16,115460.8,112555.56,0.088295,0.02735,0.05164,0.007509,0.032981,0.009128,0.004638,-0.011963,0.1059,0.1202
Q00004,Q00004-L1,2026-04-25 22:00:00.000,2024-02-21,2025-02-20,7732315.03,614370.44,25104.63,7526.04,0.0928,0.1297,112484.54,101236.08,109353.47,101001.68,107328.61,0.141755,0.109646,0.026259,0.006125,0.052416,-0.004115,0.049229,0.01083,0.0688,0.024
Q00004,Q00004-L2,2026-04-25 22:00:00.000,2024-02-21,2025-02-20,5711966.14,2189120.88,105336.94,95830.72,0.0928,0.1297,143759.55,129383.6,121964.53,120309.69,137325.38,0.033179,-0.04456,0.058456,0.023926,0.033573,-0.042919,-0.019705,-0.01247,0.0688,0.024
Q00004,Q00004-L3,2026-04-25 22:00:00.000,2024-02-21,2025-02-20,4256543.84,1071551.31,76732.01,17336.62,0.0928,0.1297,68734.39,61860.95,79284.77,88086.59,66718.67,0.214866,0.149734,0.042249,0.019918,0.127666,-0.035202,0.044996,0.015694,0.0688,0.024
Q00006,Q00006-L1,2026-04-25 22:00:00.000,2024-12-07,2025-12-07,7240314.53,472871.71,18858.5,17941.55,0.0882,0.1961,93996.15,84596.53,90647.44,92823.26,92790.96,0.238459,0.247402,0.020284,-0.025961,0.103409,0.074696,0.04844,0.019483,0.0453,0.0429
Q00007,Q00007-L1,2026-04-25 22:00:00.000,2023-11-13,2024-11-12,40431067.04,19452846.97,1221822.3,289499.34,0.0895,0.2257,59503.27,53552.94,58700.34,64326.64,59002.77,0.197589,0.147067,0.04537,0.007054,0.115936,0.043929,-0.029512,0.015147,0.0404,0.0491
Q00007,Q00007-L2,2026-04-25 22:00:00.000,2023-11-13,2024-11-12,45833718.68,9167391.65,192259.51,65454.55,0.0895,0.2257,205431.9,184888.71,181395.1,177768.85,208258.58,0.119385,0.047953,0.056008,0.012654,-0.001133,0.0544,-0.005087,0.006519,0.0404,0.0491
Q00007,Q00007-L3,2026-04-25 22:00:00.000,2023-11-13,2024-11-12,1432006.58,407081.77,2476.49,2455.33,0.0895,0.2257,284228.62,255805.76,282143.77,268698.02,273410.9,0.201945,0.14577,0.07661,-0.02435,0.070226,0.089593,-0.01018,0.00145,0.0404,0.0491
Q00008,Q00008-L1,2026-04-25 22:00:00.000,2023-12-03,2024-12-02,2687931.9,804874.58,12437.54,7257.56,0.1722,0.2234,400923.89,360831.5,370388.57,389992.45,413208.56,0.015294,-0.05871,0.079734,-0.003104,-0.072664,-0.015703,0.033309,-0.012621,0.0852,0.087
Q00008,Q00008-L2,2026-04-25 22:00:00.000,2023-12-03,2024-12-02,12391661.18,2250916.9,378202.61,104021.58,0.1722,0.2234,91011.09,81909.98,79238.58,76445.34,95110.36,0.088566,0.021155,0.022463,0.043362,0.091698,-0.021655,-0.028957,-0.007283,0.0852,0.087
Q00009,Q00009-L1,2026-04-25 22:00:00.000,2024-03-28,2025-03-28,14744223.03,5729091.97,84661.59,40697.69,0.1688,0.2383,193320.84,173988.76,174332.94,192144.36,184996.11,-0.072733,-0.062892,0.037508,-0.043635,-0.054009,-0.020849,0.015801,-0.002445,0.1131,0.0557
Q00010,Q00010-L1,2026-04-25 22:00:00.000,2024-04-05,2025-04-05,6227614.1,971627.41,71512.44,14704.07,0.1885,0.1369,1023192.0,920872.8,916187.51,1075771.9,995940.5,0.110828,0.054788,0.061086,-0.009008,0.033568,0.042788,-0.033008,0.017312,0.1292,0.0593
Q00011,Q00011-L1,2026-04-25 22:00:00.000,2024-05-21,2025-05-21,2630713.89,676527.16,19106.45,6731.4,0.2519,0.1572,110242.26,99218.03,105970.83,99015.32,107844.14,0.090465,0.027852,0.057697,0.006364,-0.081519,0.047329,0.041081,0.017488,0.1325,0.1194
Q00014,Q00014-L1,2026-04-25 22:00:00.000,2024-03-28,2025-03-28,7352529.9,1580664.72,231609.15,44045.31,0.0643,0.1924,171756.13,154580.51,170259.46,178098.33,179783.49,0.180039,0.102006,0.079279,-0.004502,0.129857,-0.027029,0.003645,-0.005595,0.044,0.0203
Q00015,Q00015-L1,2026-04-25 22:00:00.000,2024-08-07,2025-08-07,12806379.74,1792309.69,76152.95,29319.71,0.1548,0.2499,435821.3,392239.17,405466.35,384858.09,455079.42,0.097524,0.027389,0.047596,0.021069,0.035375,-0.015952,-0.009777,0.013605,0.1058,0.049
Q00016,Q00016-L1,2026-04-25 22:00:00.000,2024-05-13,2025-05-13,6771576.36,1803925.4,211640.37,43593.2,0.2996,0.1632,131527.24,118374.51,128982.28,124664.46,133090.78,0.053966,0.026111,0.039561,-0.010112,0.080827,-0.019113,-0.028304,-0.012361,0.2542,0.0454
Q00017,Q00017-L1,2026-04-25 22:00:00.000,2024-07-24,2025-07-24,9148336.47,2120424.83,52693.01,25119.74,0.1887,0.2351,256090.04,230481.04,264252.36,271961.09,244588.67,0.101284,0.113175,0.02848,-0.039135,0.063059,-0.004952,0.033289,0.010983,0.1552,0.0335
Q00018,Q00018-L1,2026-04-25 22:00:00.000,2024-02-14,2025-02-13,34407770.37,4043447.25,59505.84,19576.55,0.1559,0.1326,110079.29,99071.36,99142.88,108522.19,113181.98,0.097005,0.030048,0.046579,0.019397,-0.003507,0.050049,-0.022668,0.009839,0.0874,0.0685
Q00018,Q00018-L2,2026-04-25 22:00:00.000,2024-02-14,2025-02-13,1745846.74,414719.94,41946.29,15298.55,0.1559,0.1326,134934.66,121441.2,135759.28,142463.58,138806.78,0.27004,0.214306,0.075875,-0.018379,0.133255,0.041849,0.023532,0.015037,0.0874,0.0685
Q00019,Q00019-L1,2026-04-25 22:00:00.000,2023-11-11,2024-11-10,8808447.02,1509818.88,40948.54,8181.27,0.0605,0.1129,75277.66,67749.9,76977.01,70308.7,75090.13,-0.001833,-0.042959,0.074108,-0.029699,-0.062349,-0.018048,0.034068,-0.005482,0.0361,0.0244
Q00020,Q00020-L1,2026-04-25 22:00:00.000,2024-04-17,2025-04-17,8378822.83,1312961.98,53987.3,20167.59,0.2941,0.2055,155995.89,140396.3,139158.22,127767.89,158959.25,0.076899,0.03359,0.044911,0.003231,0.054572,-0.026258,0.005232,-0.001217,0.2277,0.0664
Q00020,Q00020-L2,2026-04-25 22:00:00.000,2024-04-17,2025-04-17,6414644.61,2362127.38,72864.43,33099.12,0.2941,0.2055,157898.17,142108.35,173597.4,161220.77,159238.59,-0.024611,-0.049202,0.06534,-0.03644,-0.004763,0.006905,-0.032954,-0.019202,0.2277,0.0664
Q00022,Q00022-L1,2026-04-25 22:00:00.000,2024-04-03,2025-04-03,25970395.15,10158232.67,710008.55,348900.06,0.1951,0.1273,1810000.85,1629000.76,2019610.28,2085735.5,1899215.21,-0.027403,-0.148826,0.079269,0.038649,-0.082778,-0.029758,-0.01999,-0.004255,0.1645,0.0306
Q00023,Q00023-L1,2026-04-25 22:00:00.000,2023-09-25,2024-09-24,10661378.79,2053487.33,108177.7,65259.39,0.0675,0.2186,322426.52,290183.87,280546.94,322068.75,315341.06,0.128055,0.08971,0.024984,0.010281,0.099829,-0.047607,0.039105,-0.00329,0.0483,0.0192
Q00023,Q00023-L2,2026-04-25 22:00:00.000,2023-09-25,2024-09-24,9586970.59,3027215.55,40928.9,9650.8,0.0675,0.2186,68654.25,61788.82,68982.9,80325.8,68366.5,0.014738,0.002344,0.034328,-0.019336,0.012233,0.014942,-0.045954,0.01,0.0483,0.0192
Q00024,Q00024-L1,2026-04-25 22:00:00.000,2024-05-30,2025-05-30,12315778.58,4575064.42,142418.78,66909.0,0.2757,0.112,127031.17,114328.06,136159.56,137933.9,131523.34,0.101349,0.09516,0.021153,-0.011933,0.126134,0.007003,-0.046402,0.006876,0.1919,0.0838
Q00025,Q00025-L1,2026-04-25 22:00:00.000,2024-03-22,2025-03-22,1559226.36,761933.63,44001.95,21244.68,0.234,0.2176,211998.82,190798.94,205465.35,203441.79,212185.19,0.203009,0.175198,0.04933,-0.023333,0.128339,0.087816,-0.04152,0.006649,0.167,0.067
Q00025,Q00025-L2,2026-04-25 22:00:00.000,2024-03-22,2025-03-22,4928569.28,2197980.26,162725.65,42409.92,0.234,0.2176,58425.7,52583.13,62136.2,65197.15,59111.97,0.200791,0.196689,0.042403,-0.034599,0.100364,0.066832,0.036369,-0.019614,0.167,0.067
Q00026,Q00026-L1,2026-04-25 22:00:00.000,2023-09-27,2024-09-26,15733887.3,4777997.88,62885.7,23246.26,0.1939,0.1234,131081.22,117973.1,120888.67,124245.42,136998.12,0.053131,0.0605,0.02635,-0.037802,0.076037,-0.020072,0.024606,-0.016754,0.143,0.0509
Q00027,Q00027-L1,2026-04-25 22:00:00.000,2024-10-09,2025-10-09,1968908.88,729046.4,77861.96,20217.1,0.1641,0.1006,272554.74,245299.26,286589.88,290349.02,260596.84,0.093089,0.047374,0.05176,-0.002396,-0.050675,0.098189,0.010546,-0.012557,0.1265,0.0376
Q00027,Q00027-L2,2026-04-25 22:00:00.000,2024-10-09,2025-10-09,2914895.79,1109297.65,106331.2,41487.52,0.1641,0.1006,362458.6,326212.74,344701.88,396299.05,380290.86,0.182569,0.080991,0.05252,0.047272,0.074992,0.05543,-0.042422,-0.012518,0.1265,0.0376
Q00028,Q00028-L1,2026-04-25 22:00:00.000,2024-06-19,2025-06-19,5470260.97,2023720.9,55911.62,14328.3,0.1186,0.1244,102206.58,91985.92,99092.79,97906.72,97737.94,0.225604,0.143212,0.045591,0.032447,0.083861,0.029583,0.015484,0.018726,0.057,0.0616
Q00029,Q00029-L1,2026-04-25 22:00:00.000,2023-12-03,2024-12-02,5706163.59,1621010.62,16652.13,13202.14,0.1539,0.1516,181275.07,163147.57,177122.02,172782.05,184557.62,0.097313,0.081761,0.062967,-0.0488,0.086067,-0.036765,0.008814,0.016653,0.082,0.0719
Q00029,Q00029-L2,2026-04-25 22:00:00.000,2023-12-03,2024-12-02,4577484.2,1711214.72,86961.72,20856.82,0.1539,0.1516,377616.73,339855.05,406401.48,441487.06,372061.79,0.155761,0.088611,0.064532,-0.001955,0.024924,0.064512,-0.018653,0.019964,0.082,0.0719
Q00031,Q00031-L1,2026-04-25 22:00:00.000,2024-09-01,2025-09-01,12248134.51,3121502.07,89526.43,25361.61,0.0839,0.1697,823950.68,741555.61,822750.83,799819.5,808849.6,0.046394,-0.026374,0.073945,-0.004782,-0.064479,0.062583,-0.00804,-0.019021,0.0533,0.0306
Q00032,Q00032-L1,2026-04-25 22:00:00.000,2023-10-24,2024-10-23,11856485.87,3648591.56,108486.64,82825.18,0.0672,0.2485,162857.78,146572.0,153487.68,175717.72,159657.99,-0.075556,-0.116294,0.030367,0.009294,-0.054023,-0.035773,-0.010871,-0.014004,0.056,0.0112
Q00033,Q00033-L1,2026-04-25 22:00:00.000,2024-04-18,2025-04-18,4510077.21,946840.08,81890.75,29799.01,0.2018,0.2433,115914.48,104323.03,124900.49,126494.96,115644.4,0.173774,0.129185,0.07684,-0.034018,0.142275,-0.041036,0.046144,-0.017324,0.1512,0.0506
Q00033,Q00033-L2,2026-04-25 22:00:00.000,2024-04-18,2025-04-18,7098908.69,681783.3,5719.81,1117.12,0.2018,0.2433,46404.49,41764.04,48088.09,43983.6,47447.46,0.003262,-0.000498,0.020778,-0.019199,-0.060349,0.044569,0.018406,-0.00284,0.1512,0.0506
Q00033,Q00033-L3,2026-04-25 22:00:00.000,2024-04-18,2025-04-18,6198789.87,2485405.16,183712.85,36838.73,0.2018,0.2433,181523.01,163370.71,170103.45,170911.99,189069.61,-0.020138,-0.060538,0.046825,-0.0083,-0.047636,-0.00107,-0.026656,0.014875,0.1512,0.0506
Q00034,Q00034-L1,2026-04-25 22:00:00.000,2024-06-06,2025-06-06,19571537.14,3611097.87,51915.81,27517.36,0.1254,0.2459,1002671.13,902404.02,1011775.11,990493.21,999638.31,0.141012,0.131087,0.027628,-0.017817,0.05817,0.09567,-0.027107,0.003713,0.0908,0.0346
Q00034,Q00034-L2,2026-04-25 22:00:00.000,2024-06-06,2025-06-06,3011489.58,620116.72,59326.9,15173.88,0.1254,0.2459,88777.14,79899.43,90049.77,92647.54,91240.12,0.20395,0.179473,0.024878,-0.000906,0.05065,0.083637,0.045827,-0.00936,0.0908,0.0346
Q00035,Q00035-L1,2026-04-25 22:00:00.000,2024-05-14,2025-05-14,7844489.37,743700.45,73158.21,16018.88,0.2089,0.2187,364417.28,327975.55,364448.0,426086.42,365740.49,0.118633,0.078975,0.057984,-0.017279,0.106209,0.022383,-0.035388,-0.00909,0.1633,0.0456
Q00035,Q00035-L2,2026-04-25 22:00:00.000,2024-05-14,2025-05-14,20937830.33,3952906.79,61318.86,22914.96,0.2089,0.2187,247324.57,222592.11,239234.17,241242.4,255204.0,0.109132,0.020807,0.064005,0.023549,-0.051264,0.069827,-0.021754,0.011628,0.1633,0.0456
Q00038,Q00038-L1,2026-04-25 22:00:00.000,2024-05-29,2025-05-29,1779046.32,577280.67,16002.99,13357.27,0.1359,0.1016,360130.87,324117.79,404622.88,398752.15,351975.78,0.128605,0.103466,0.024723,-0.003506,0.127452,-0.027858,0.012589,0.002211,0.1153,0.0206
Q00039,Q00039-L1,2026-04-25 22:00:00.000,2024-06-16,2025-06-16,17316945.52,5346779.01,685226.83,223209.22,0.2942,0.1414,431822.26,388640.03,409194.69,476942.3,437388.03,0.093336,0.029629,0.027435,0.036774,0.038144,0.005323,-0.018473,0.00882,0.1941,0.1001
Q00041,Q00041-L1,2026-04-25 22:00:00.000,2024-08-07,2025-08-07,1066574.68,151088.24,10114.53,2878.95,0.2074,0.1969,720529.18,648476.26,666557.03,708928.62,722170.59,0.148711,0.084437,0.053937,0.006853,0.120815,-0.041621,0.021727,-0.014725,0.0978,0.1096
Q00043,Q00043-L1,2026-04-25 22:00:00.000,2023-12-13,2024-12-12,9227878.92,4021753.24,176399.51,36480.54,0.1675,0.241,271980.32,244782.29,254158.62,249511.93,280761.1,0.14003,0.072284,0.065051,-0.000754,0.036278,0.028702,0.014182,-0.00416,0.0776,0.0899
Q00043,Q00043-L2,2026-04-25 22:00:00.000,2023-12-13,2024-12-12,11113056.69,2901732.88,127467.7,69477.24,0.1675,0.241,110650.38,99585.34,107237.84,105717.31,106806.73,0.072827,0.021322,0.034356,0.014476,0.039421,-0.042128,0.034289,-0.010979,0.0776,0.0899
Q00043,Q00043-L3,2026-04-25 22:00:00.000,2023-12-13,2024-12-12,2378104.37,809950.36,36408.82,15771.64,0.1675,0.241,446314.67,401683.2,403560.95,400234.91,450316.72,0.143851,0.091544,0.021155,0.026554,0.023057,0.050446,0.019712,0.002001,0.0776,0.0899
Q00044,Q00044-L1,2026-04-25 22:00:00.000,2024-09-19,2025-09-19,2451342.25,1307014.06,52025.65,48636.28,0.0856,0.1313,70674.9,63607.41,70962.1,68486.68,68270.99,0.074002,0.033778,0.073915,-0.033582,-0.046805,0.030434,0.04152,0.00977,0.0406,0.045
Q00044,Q00044-L2,2026-04-25 22:00:00.000,2024-09-19,2025-09-19,15864639.4,1546604.71,62944.05,25708.13,0.0856,0.1313,150250.75,135225.67,175670.27,163782.74,145515.33,-0.024739,-0.03137,0.02715,-0.021462,-0.092796,0.040505,0.015141,0.000472,0.0406,0.045
Q00045,Q00045-L1,2026-04-25 22:00:00.000,2024-09-26,2025-09-26,1315352.61,642800.74,47861.62,14526.9,0.2724,0.1062,659004.68,593104.21,576605.14,546242.59,684335.53,0.282511,0.18505,0.064836,0.033293,0.068552,0.082998,0.031786,-0.005562,0.2026,0.0698
Q00047,Q00047-L1,2026-04-25 22:00:00.000,2024-01-26,2025-01-25,34666799.52,8818285.47,238525.49,125778.13,0.1286,0.1378,198785.35,178906.81,201246.49,231503.97,198391.27,0.172224,0.104462,0.049976,0.021994,0.079992,0.018683,-0.010925,0.010154,0.0745,0.0541
Q00048,Q00048-L1,2026-04-25 22:00:00.000,2024-05-06,2025-05-06,2338347.45,931652.64,45015.53,11216.38,0.0828,0.1895,794891.14,715402.03,722543.69,840809.52,762875.52,-0.212852,-0.181376,0.020016,-0.04688,-0.087493,-0.048318,-0.022577,-0.02,0.0468,0.036
Q00049,Q00049-L1,2026-04-25 22:00:00.000,2024-03-05,2025-03-05,35051205.35,10451922.25,249227.98,164709.34,0.258,0.1552,245169.28,220652.36,213456.94,222681.26,257017.9,-0.119082,-0.153724,0.059218,-0.020253,-0.091252,-0.031989,-0.035816,-0.001723,0.1675,0.0905
Q00050,Q00050-L1,2026-04-25 22:00:00.000,2023-12-20,2024-12-19,5613085.63,2623962.11,177652.51,42527.21,0.2475,0.2372,50571.66,45514.49,49104.03,56864.17,50891.42,0.039876,-0.008279,0.075923,-0.032542,-0.071853,0.058721,-0.004476,0.015458,0.1525,0.095
Q00050,Q00050-L2,2026-04-25 22:00:00.000,2023-12-20,2024-12-19,5564868.0,568618.04,84393.35,19962.67,0.2475,0.2372,63645.1,57280.59,52690.15,51737.72,66569.14,-0.028377,-0.042289,0.02223,-0.006751,0.016425,-0.023747,-0.048673,0.015896,0.1525,0.095
Q00051,Q00051-L1,2026-04-25 22:00:00.000,2024-02-15,2025-02-14,3872466.29,1044222.75,63209.36,37669.76,0.0972,0.2315,160669.44,144602.49,157473.48,168593.56,163930.18,0.212825,0.166816,0.077791,-0.031193,0.072419,0.071553,0.049584,-0.018235,0.0709,0.0263
Q00051,Q00051-L2,2026-04-25 22:00:00.000,2024-02-15,2025-02-14,35052463.01,15228844.98,1204936.98,600008.17,0.0972,0.2315,118918.62,107026.76,109483.74,106868.91,116786.54,0.161663,0.087961,0.042038,0.032071,0.036148,0.00599,0.040182,0.009048,0.0709,0.0263
Q00052,Q00052-L1,2026-04-25 22:00:00.000,2024-05-19,2025-05-19,17507144.28,3348798.48,660634.24,126591.11,0.133,0.1959,296905.09,267214.58,305086.08,335046.34,309515.22,0.232347,0.182599,0.028858,0.017266,0.122357,0.051357,-0.009217,0.018455,0.0652,0.0678
Q00052,Q00052-L2,2026-04-25 22:00:00.000,2024-05-19,2025-05-19,4484809.99,1676841.51,67209.72,50860.17,0.133,0.1959,133782.73,120404.45,140583.55,149347.73,138479.81,0.191321,0.111332,0.040607,0.04183,0.145679,-0.028242,-0.015835,0.005308,0.0652,0.0678
Q00052,Q00052-L3,2026-04-25 22:00:00.000,2024-05-19,2025-05-19,10116275.85,3618586.3,130615.98,66934.32,0.133,0.1959,262784.41,236505.97,259358.7,257864.24,269083.65,0.291492,0.188436,0.069407,0.038072,0.147626,0.0316,0.001957,0.003019,0.0652,0.0678
Q00053,Q00053-L1,2026-04-25 22:00:00.000,2024-07-01,2025-07-01,5594707.74,2632049.7,331744.25,87585.78,0.2631,0.2026,110736.97,99663.27,102543.44,117669.42,106378.66,0.153982,0.07797,0.076216,0.002312,0.10484,-0.017139,-0.014887,-0.00368,0.2088,0.0543
Q00053,Q00053-L2,2026-04-25 22:00:00.000,2024-07-01,2025-07-01,8799669.91,2062651.14,163746.09,28668.21,0.2631,0.2026,165897.35,149307.62,162743.92,175696.34,171292.86,-0.007444,-0.057778,0.020036,0.029359,0.026128,-0.03383,-0.035564,-0.017112,0.2088,0.0543
Q00055,Q00055-L1,2026-04-25 22:00:00.000,2024-07-06,2025-07-06,757333.79,239359.33,9734.72,2748.79,0.0858,0.1813,63737.27,57363.54,66757.94,77174.35,63119.03,0.005429,-0.054745,0.031143,0.027607,-0.082166,-0.011985,0.045101,-0.003123,0.0544,0.0314
Q00057,Q00057-L1,2026-04-25 22:00:00.000,2024-04-19,2025-04-19,2634482.24,777232.52,89356.33,30128.76,0.1075,0.2047,33115.21,29803.69,30892.31,31615.19,32730.27,-0.052089,-0.108664,0.048706,0.01148,-0.089531,0.0237,-0.046848,-0.007215,0.0829,0.0246
Q00058,Q00058-L1,2026-04-25 22:00:00.000,2024-03-15,2025-03-15,2050972.75,316004.22,6622.97,3510.13,0.2369,0.1809,889656.11,800690.5,857603.75,785568.79,852554.31,-0.023976,-0.02569,0.049419,-0.047267,-0.090332,0.023117,0.040588,-0.001005,0.1233,0.1136
Q00058,Q00058-L2,2026-04-25 22:00:00.000,2024-03-15,2025-03-15,4485501.83,1401136.65,61940.48,18524.37,0.2369,0.1809,260618.3,234556.47,261953.33,256545.9,250933.32,0.030915,-0.056865,0.034483,0.0484,-0.091414,-0.003528,0.027716,0.014186,0.1233,0.1136
Q00058,Q00058-L3,2026-04-25 22:00:00.000,2024-03-15,2025-03-15,1850707.27,907948.51,11718.09,6552.87,0.2369,0.1809,213334.42,192000.98,212913.73,232840.24,217563.07,0.155643,0.088995,0.047791,0.019713,-0.002955,0.088747,0.01537,-0.018051,0.1233,0.1136
Q00060,Q00060-L1,2026-04-25 22:00:00.000,2023-11-18,2024-11-17,7732894.85,2369633.06,95575.37,39642.12,0.2851,0.1737,176806.6,159125.94,167002.54,160192.36,181623.92,0.061585,0.073579,0.02658,-0.03452,0.109344,-0.020132,-0.001375,-0.019772,0.1406,0.1445
Q00060,Q00060-L2,2026-04-25 22:00:00.000,2023-11-18,2024-11-17,7832963.91,1448961.35,67407.79,15346.97,0.2851,0.1737,287619.57,258857.61,326888.35,368790.01,300466.74,0.126908,0.101121,0.033724,-0.005533,0.075195,0.086748,-0.039846,-0.014432,0.1406,0.1445
Q00060,Q00060-L3,2026-04-25 22:00:00.000,2023-11-18,2024-11-17,1599439.83,696086.9,98320.87,30434.15,0.2851,0.1737,938978.64,845080.77,890737.09,843960.87,916703.77,0.079169,0.003929,0.051511,0.019381,0.058708,-0.034051,-0.002634,-0.008844,0.1406,0.1445
Q00061,Q00061-L1,2026-04-25 22:00:00.000,2024-03-22,2025-03-22,4001643.33,514288.44,40001.47,8089.05,0.1261,0.2423,647918.06,583126.25,617897.06,617032.52,632562.83,0.098388,0.103661,0.027261,-0.0338,0.042605,0.049696,-0.00539,0.019861,0.0816,0.0445
Q00063,Q00063-L1,2026-04-25 22:00:00.000,2023-11-17,2024-11-16,2478283.92,366085.59,47022.7,9389.22,0.1334,0.11,1005373.24,904835.92,959695.62,919201.42,955995.09,-0.007643,0.001048,0.028843,-0.036679,0.075368,-0.048321,-0.044001,0.011523,0.1128,0.0206
Q00063,Q00063-L2,2026-04-25 22:00:00.000,2023-11-17,2024-11-16,17057887.08,2803607.02,52924.61,42459.69,0.1334,0.11,343823.99,309441.59,325833.28,331117.97,354271.77,0.012276,-0.016106,0.03132,-0.002524,0.019684,-0.035143,-0.011214,0.005336,0.1128,0.0206
Q00065,Q00065-L1,2026-04-25 22:00:00.000,2024-06-15,2025-06-15,16931499.29,5669429.21,190835.36,51795.38,0.1405,0.1219,331143.58,298029.22,293723.3,305997.32,328887.53,0.139685,0.049424,0.079242,0.006616,-0.038233,0.063012,0.033977,-0.005531,0.0966,0.0439
Q00065,Q00065-L2,2026-04-25 22:00:00.000,2024-06-15,2025-06-15,19258489.73,1606760.71,100190.98,27637.08,0.1405,0.1219,311776.54,280598.88,295155.08,305576.86,323896.67,0.204299,0.153113,0.043447,0.010644,0.116734,0.062291,-0.037267,0.004596,0.0966,0.0439
Q00066,Q00066-L1,2026-04-25 22:00:00.000,2024-03-26,2025-03-26,30555026.64,6346296.06,53001.67,35315.41,0.0684,0.1969,62897.62,56607.86,62693.54,63544.93,62674.38,-0.099675,-0.099798,0.045964,-0.046909,-0.083417,-0.037274,0.039165,-0.014177,0.033,0.0354
Q00067,Q00067-L1,2026-04-25 22:00:00.000,2024-04-02,2025-04-02,29546171.86,5101816.13,325718.94,76291.68,0.272,0.221,166271.39,149644.25,157320.57,168976.81,168020.65,0.178179,0.10436,0.07691,0.001144,-0.003477,0.080674,0.018845,0.00781,0.1674,0.1046
Q00067,Q00067-L2,2026-04-25 22:00:00.000,2024-04-02,2025-04-02,8453555.31,1538857.07,8415.79,8891.05,0.272,0.221,95164.59,85648.13,104290.69,103409.84,99026.47,0.054042,0.009928,0.040545,0.0017,0.057841,-0.012261,-0.023179,-0.00915,0.1674,0.1046
Q00068,Q00068-L1,2026-04-25 22:00:00.000,2023-12-03,2024-12-02,15414593.55,2402577.85,39053.3,16977.43,0.2361,0.2361,359041.58,323137.42,362577.44,406148.55,368732.44,0.124189,0.099498,0.044692,-0.023609,0.005962,0.048867,0.026831,0.015622,0.1414,0.0947
Q00068,Q00068-L2,2026-04-25 22:00:00.000,2023-12-03,2024-12-02,20721656.34,7902363.31,296354.82,114716.78,0.2361,0.2361,367283.57,330555.21,373345.36,432699.82,355643.53,0.123683,0.05093,0.067882,0.008175,-0.056646,0.058689,0.037615,0.005544,0.1414,0.0947
Q00068,Q00068-L3,2026-04-25 22:00:00.000,2023-12-03,2024-12-02,6847919.75,3123789.65,146250.79,32457.49,0.2361,0.2361,481540.1,433386.09,557803.56,535654.79,504840.26,0.037722,-0.016979,0.054091,0.003741,-0.063415,0.040898,-0.024746,0.018661,0.1414,0.0947
Q00070,Q00070-L1,2026-04-25 22:00:00.000,2024-07-12,2025-07-12,5036351.94,638680.0,3593.86,2096.24,0.2574,0.1005,380877.52,342789.77,398060.23,377297.42,376569.22,0.013354,-0.019606,0.055015,-0.022291,0.041863,-0.020121,-0.044901,-0.002892,0.1434,0.114
Q00071,Q00071-L1,2026-04-25 22:00:00.000,2024-03-03,2025-03-03,2928299.98,1375494.9,30929.82,37815.24,0.1038,0.1179,860291.87,774262.68,822015.01,826541.83,893956.08,0.125447,0.081005,0.036641,0.004849,-0.032896,0.067581,0.042575,0.007469,0.0641,0.0397
Q00071,Q00071-L2,2026-04-25 22:00:00.000,2024-03-03,2025-03-03,2361874.12,437049.72,16313.07,3245.07,0.1038,0.1179,296658.83,266992.95,285295.5,278347.47,291221.6,0.089334,0.071034,0.045788,-0.026951,0.054578,0.035593,-0.023326,0.002105,0.0641,0.0397
Q00073,Q00073-L1,2026-04-25 22:00:00.000,2024-04-29,2025-04-29,67217911.29,19228212.66,2560325.58,650493.41,0.1224,0.133,272752.78,245477.5,275830.81,259032.06,265142.26,0.164683,0.11862,0.025471,0.024046,0.144668,-0.009541,-0.001374,-0.016173,0.061,0.0614
Q00075,Q00075-L1,2026-04-25 22:00:00.000,2024-07-29,2025-07-29,11602035.94,1535941.87,117958.4,28618.9,0.1276,0.1689,125498.77,112948.89,120620.76,131838.21,128500.25,0.066631,0.019583,0.03851,0.007964,0.049929,0.008005,-0.028661,-0.015985,0.0747,0.0529
Q00076,Q00076-L1,2026-04-25 22:00:00.000,2023-11-30,2024-11-29,3637776.63,1213080.1,46701.6,52488.63,0.207,0.1577,686831.99,618148.79,624384.8,640765.8,694150.45,0.116164,0.041096,0.049491,0.028959,0.030984,-0.001688,-9.7e-05,0.004626,0.1316,0.0754
Q00076,Q00076-L2,2026-04-25 22:00:00.000,2023-11-30,2024-11-29,56066137.84,21193367.62,2002949.91,433615.82,0.207,0.1577,96525.77,86873.19,100890.0,97537.91,91933.81,-0.00537,-0.04367,0.067284,-0.029287,-0.021447,0.010765,-0.025123,-0.008373,0.1316,0.0754
Q00077,Q00077-L1,2026-04-25 22:00:00.000,2024-03-15,2025-03-15,4138983.42,591472.59,30944.22,11567.22,0.1276,0.2403,171148.77,154033.89,162221.1,179630.04,166503.05,0.141395,0.110137,0.040711,-0.011903,0.022739,0.058627,0.040919,-0.016422,0.0805,0.0471
Q00080,Q00080-L1,2026-04-25 22:00:00.000,2024-01-25,2025-01-24,9732396.48,1004695.68,265226.53,53818.78,0.2246,0.155,283813.91,255432.52,283996.41,303808.33,289357.16,0.30159,0.210553,0.055946,0.031014,0.111476,0.096874,-0.013543,0.010428,0.1363,0.0883
Q00081,Q00081-L1,2026-04-25 22:00:00.000,2024-05-21,2025-05-21,33309543.44,6953897.57,508235.93,153094.29,0.1354,0.1075,330034.15,297030.74,335462.92,320837.24,315253.46,0.029602,-0.052783,0.036711,0.041596,-0.042728,-0.00326,0.002051,-0.010727,0.1024,0.033
Q00083,Q00083-L1,2026-04-25 22:00:00.000,2024-07-12,2025-07-12,6612690.82,1723623.4,34725.75,12328.18,0.2961,0.1982,278228.03,250405.23,302985.69,290669.9,269289.41,0.126383,0.013542,0.076521,0.039492,-0.040939,0.071159,-0.030461,0.008501,0.1879,0.1082
Q00084,Q00084-L1,2026-04-25 22:00:00.000,2024-08-13,2025-08-13,13330654.56,4680129.48,97351.62,53930.85,0.2408,0.1186,456705.83,411035.24,407889.34,430764.19,436466.91,0.147521,0.161953,0.034739,-0.049125,0.113852,0.064952,0.001325,-0.019171,0.1346,0.1062
Q00085,Q00085-L1,2026-04-25 22:00:00.000,2024-04-01,2025-04-01,288016.55,30415.67,1451.84,414.97,0.1297,0.1202,59118.71,53206.84,54368.69,62080.61,58394.06,-0.084341,-0.12103,0.054432,-0.022072,-0.038553,-0.023728,-0.039012,-0.010071,0.0635,0.0662
Q00087,Q00087-L1,2026-04-25 22:00:00.000,2024-07-06,2025-07-06,16058839.79,1094659.06,147543.84,52206.39,0.1938,0.1001,1014745.04,913270.53,1073236.68,1080235.82,1040047.03,0.261911,0.217355,0.044234,0.002505,0.140526,0.091493,-0.014606,0.004221,0.1429,0.0509
Q00088,Q00088-L1,2026-04-25 22:00:00.000,2024-02-20,2025-02-19,9224860.2,4552506.03,261994.63,125113.69,0.1675,0.2127,254752.94,229277.65,279068.18,295029.29,247077.31,0.032531,-0.011717,0.032414,0.00998,-0.008125,-0.005234,0.01044,-0.003503,0.118,0.0495
Q00090,Q00090-L1,2026-04-25 22:00:00.000,2024-07-05,2025-07-05,19832910.3,4973107.19,645021.66,227149.44,0.1683,0.1024,292179.75,262961.77,286661.68,275206.65,291793.36,-0.013852,-0.094323,0.064954,0.014907,-0.024507,-0.013326,-0.048362,-0.010917,0.0782,0.0901
Q00090,Q00090-L2,2026-04-25 22:00:00.000,2024-07-05,2025-07-05,4520956.29,340635.07,41195.15,10904.12,0.1683,0.1024,951441.46,856297.31,850893.26,912405.85,945103.18,0.237367,0.171048,0.023081,0.044773,0.12426,0.088412,-0.020458,-0.017875,0.0782,0.0901
Q00090,Q00090-L3,2026-04-25 22:00:00.000,2024-07-05,2025-07-05,8442687.67,3968921.0,187753.38,46850.73,0.1683,0.1024,2161599.27,1945439.35,2211749.78,2083722.6,2085065.48,0.067118,0.001975,0.072118,-0.002054,-0.011879,-0.020978,0.042199,-0.013362,0.0782,0.0901
Q00091,Q00091-L1,2026-04-25 22:00:00.000,2024-03-03,2025-03-03,4045714.79,706265.21,121139.79,29375.68,0.223,0.2067,785866.82,707280.14,800023.04,921971.25,784885.81,0.090373,0.015702,0.044205,0.029851,0.015073,0.043266,-0.021507,-0.017963,0.1331,0.0899
Q00092,Q00092-L1,2026-04-25 22:00:00.000,2024-02-07,2025-02-06,16186499.67,3684540.41,710470.5,133033.81,0.2294,0.2145,459286.83,413358.15,508626.9,524036.91,442854.06,0.167571,0.043859,0.078088,0.043295,-0.005519,0.049092,-0.006014,0.008902,0.1185,0.1109
Q00092,Q00092-L2,2026-04-25 22:00:00.000,2024-02-07,2025-02-06,10672256.61,2919478.93,639458.47,116828.26,0.2294,0.2145,198560.21,178704.19,186982.58,209323.38,206821.73,0.07599,-0.009989,0.038175,0.045356,-0.051377,0.035394,-0.008241,0.013037,0.1185,0.1109
Q00093,Q00093-L1,2026-04-25 22:00:00.000,2024-05-11,2025-05-11,8928868.61,918754.91,15005.78,5351.28,0.2019,0.1001,456339.91,410705.92,497086.64,533730.13,461669.88,0.212956,0.120732,0.048098,0.04812,0.131205,0.024022,-0.042003,-0.001616,0.1539,0.048
Q00093,Q00093-L2,2026-04-25 22:00:00.000,2024-05-11,2025-05-11,8517539.21,1193783.84,23075.13,11307.65,0.2019,0.1001,92812.19,83530.97,87885.86,94313.1,95654.0,0.149971,0.047009,0.07335,0.031438,-0.01735,0.049741,0.002671,0.00671,0.1539,0.048
Q00094,Q00094-L1,2026-04-25 22:00:00.000,2024-05-24,2025-05-24,508106.37,53371.96,1917.39,692.38,0.1495,0.2167,124358.49,111922.64,114640.75,108926.48,128388.57,0.20633,0.118596,0.038034,0.047276,0.147828,-0.042307,0.009169,0.012067,0.1061,0.0434
Q00094,Q00094-L2,2026-04-25 22:00:00.000,2024-05-24,2025-05-24,7673514.58,2893754.13,178390.56,48949.96,0.1495,0.2167,371655.83,334490.25,339179.45,366706.72,370956.14,0.049076,0.056645,0.029195,-0.04014,0.035552,0.004449,0.024252,-0.003228,0.1061,0.0434
Q00096,Q00096-L1,2026-04-25 22:00:00.000,2024-01-27,2025-01-26,13221285.32,7034170.51,781464.57,200083.42,0.0803,0.2393,849789.96,764810.96,819283.06,963623.41,849098.3,-0.022107,-0.044876,0.029243,-0.002683,-0.092351,0.090639,-0.038177,-0.010573,0.0426,0.0377
Q00097,Q00097-L1,2026-04-25 22:00:00.000,2023-10-27,2024-10-26,3779804.69,1913890.6,232724.97,84457.61,0.2558,0.2437,125687.01,113118.31,119532.46,119827.12,125594.61,-0.074116,-0.069525,0.029894,-0.034081,-0.018214,0.006527,-0.041712,-0.016716,0.1227,0.1331
Q00098,Q00098-L1,2026-04-25 22:00:00.000,2024-10-17,2025-10-17,57375173.9,24050986.07,2976473.38,648455.69,0.126,0.1138,255699.21,230129.29,256722.03,242000.67,257540.17,0.175954,0.180524,0.030654,-0.036652,0.145925,0.005015,0.018566,0.01307,0.0649,0.0611
Q00098,Q00098-L2,2026-04-25 22:00:00.000,2024-10-17,2025-10-17,4496056.34,1251797.53,24600.19,15492.26,0.126,0.1138,201767.55,181590.79,215522.13,212946.06,204096.65,0.139933,0.050139,0.079291,0.011436,0.105357,-0.021163,-0.033007,-0.004365,0.0649,0.0611
Q00098,Q00098-L3,2026-04-25 22:00:00.000,2024-10-17,2025-10-17,5859976.04,2415286.4,94388.31,24795.16,0.126,0.1138,226922.53,204230.28,212414.48,197890.21,234913.75,0.107461,0.052836,0.035599,0.014346,0.074986,-0.035582,0.010648,0.007561,0.0649,0.0611
Q00099,Q00099-L1,2026-04-25 22:00:00.000,2024-04-15,2025-04-15,20740270.03,8570991.62,113379.66,28886.88,0.0922,0.1998,88574.57,79717.11,92063.28,97300.1,85520.69,0.178574,0.122613,0.062339,-0.009891,0.101741,-0.014731,0.04846,-0.007627,0.0762,0.016
Q00099,Q00099-L2,2026-04-25 22:00:00.000,2024-04-15,2025-04-15,10387356.37,3511432.77,97702.82,59212.62,0.0922,0.1998,220309.27,198278.35,249525.86,251009.81,211995.21,0.152016,0.165065,0.02896,-0.042656,0.092592,0.053159,0.007927,0.008746,0.0762,0.016
Q00100,Q00100-L1,2026-04-25 22:00:00.000,2024-05-12,2025-05-12,4735505.71,2193515.18,6857.43,5164.77,0.0576,0.1966,1245061.65,1120555.49,1155661.7,1328322.7,1244764.95,-0.140206,-0.145118,0.048394,-0.046616,-0.060867,-0.021277,-0.043394,-0.018745,0.0464,0.0112
Q00101,Q00101-L1,2026-04-25 22:00:00.000,2023-12-05,2024-12-04,4737320.71,681802.26,55782.54,33234.15,0.1281,0.1987,88027.12,79224.4,83617.62,91755.62,90520.1,0.147869,0.072706,0.078002,-0.007765,-0.021303,0.087324,0.006657,0.007994,0.0944,0.0337
Q00101,Q00101-L2,2026-04-25 22:00:00.000,2023-12-05,2024-12-04,2326514.85,287463.27,15351.4,3232.26,0.1281,0.1987,269423.28,242480.95,237246.51,236475.65,275117.95,0.233692,0.187952,0.073053,-0.025998,0.05098,0.093559,0.040731,0.008831,0.0944,0.0337
Q00101,Q00101-L3,2026-04-25 22:00:00.000,2023-12-05,2024-12-04,12849158.49,4494720.65,150093.49,42087.11,0.1281,0.1987,204530.94,184077.84,208610.42,190609.26,212499.18,0.081189,0.060327,0.050065,-0.028894,-0.016871,0.0488,0.023655,0.000199,0.0944,0.0337
Q00102,Q00102-L1,2026-04-25 22:00:00.000,2024-01-19,2025-01-18,4689090.9,1048651.6,20589.23,9244.18,0.2038,0.249,597495.19,537745.67,567733.63,620398.8,614932.39,0.141629,0.073691,0.047297,0.021911,0.036781,0.030819,0.025577,-0.018219,0.1119,0.0919
Q00105,Q00105-L1,2026-04-25 22:00:00.000,2024-07-07,2025-07-07,12783289.48,4838853.46,234141.8,68767.53,0.1773,0.1712,273782.73,246404.46,265680.34,296782.46,284853.97,0.056555,0.00585,0.038911,0.009089,0.012318,-0.004958,0.015205,-0.018452,0.1152,0.0621
Q00106,Q00106-L1,2026-04-25 22:00:00.000,2024-09-17,2025-09-17,5113253.55,1689465.2,208181.15,88936.79,0.1774,0.1381,79497.79,71548.01,73367.83,69253.9,83095.84,0.231807,0.195004,0.043819,-0.006999,0.139659,0.070359,-0.022637,0.012577,0.1146,0.0628
Q00108,Q00108-L1,2026-04-25 22:00:00.000,2024-03-15,2025-03-15,8125384.81,2835202.71,176183.02,68547.16,0.2029,0.2192,156088.05,140479.24,155955.97,148624.72,153412.5,-0.020239,-0.068565,0.032805,0.016129,-0.028111,-0.032619,-0.026517,0.019571,0.1296,0.0733
Q00108,Q00108-L2,2026-04-25 22:00:00.000,2024-03-15,2025-03-15,3315703.07,752651.53,19861.95,6436.85,0.2029,0.2192,324022.25,291620.02,291346.22,310452.38,314434.21,0.003418,-0.021387,0.076795,-0.047931,-0.067531,0.062412,-0.024181,0.006298,0.1296,0.0733
Q00109,Q00109-L1,2026-04-25 22:00:00.000,2024-02-04,2025-02-03,26495139.41,8453095.37,337078.85,103252.43,0.219,0.1246,130494.2,117444.78,122725.25,127139.91,134336.29,0.204002,0.134392,0.024115,0.048281,0.118305,0.077955,-0.049667,-0.010418,0.1746,0.0444
Q00110,Q00110-L1,2026-04-25 22:00:00.000,2024-09-25,2025-09-25,2774500.65,532607.76,67970.58,17737.49,0.1372,0.2417,372845.3,335560.77,378511.72,344633.02,361261.0,0.006319,-0.058104,0.066772,-0.00347,-0.069476,0.0502,-0.02217,-0.016669,0.113,0.0242
Q00111,Q00111-L1,2026-04-25 22:00:00.000,2024-01-26,2025-01-25,6816331.64,912066.59,42576.11,13739.58,0.1035,0.2417,279116.77,251205.1,287938.99,279196.6,286298.85,0.061786,0.020941,0.079527,-0.033771,-0.014475,0.028313,0.018953,-0.012233,0.0809,0.0226
Q00112,Q00112-L1,2026-04-25 22:00:00.000,2024-01-06,2025-01-05,2137119.59,473154.32,2064.04,800.43,0.0844,0.1527,60728.67,54655.81,58074.48,64227.03,61682.27,0.084744,0.042067,0.068709,-0.028764,-0.052464,0.045623,0.027346,0.009909,0.0705,0.0139
Q00112,Q00112-L2,2026-04-25 22:00:00.000,2024-01-06,2025-01-05,1732346.39,354234.91,25662.6,10644.73,0.0844,0.1527,146887.14,132198.43,154644.99,147168.82,149071.6,-0.038593,-0.020397,0.031947,-0.045804,0.013227,-0.049442,-0.014458,0.019506,0.0705,0.0139
Q00113,Q00113-L1,2026-04-25 22:00:00.000,2023-10-07,2024-10-06,11531299.35,1696181.3,89392.06,69989.1,0.2706,0.1623,224121.15,201709.03,186302.49,193388.05,213643.04,-0.020099,-0.08067,0.055679,0.006141,-0.070877,-0.029634,-0.000565,0.019845,0.1408,0.1298
Q00114,Q00114-L1,2026-04-25 22:00:00.000,2024-04-30,2025-04-30,3450341.39,1637555.0,39939.04,45158.3,0.1761,0.2253,224595.54,202135.99,224083.55,258877.51,221000.69,0.081372,0.074587,0.023295,-0.019979,0.14102,-0.029462,-0.024172,-0.004817,0.0985,0.0776
Q00114,Q00114-L2,2026-04-25 22:00:00.000,2024-04-30,2025-04-30,714344.52,136327.52,17428.4,4463.76,0.1761,0.2253,143163.45,128847.1,149949.59,136958.34,141195.41,0.176873,0.190127,0.037989,-0.047727,0.145313,-0.000837,0.02118,0.01478,0.0985,0.0776
Q00116,Q00116-L1,2026-04-25 22:00:00.000,2024-01-19,2025-01-18,19277627.91,3503518.94,211582.16,72062.75,0.2232,0.1143,265825.73,239243.15,251275.04,257869.98,274108.25,0.090357,0.052776,0.068022,-0.026848,-0.030871,0.07622,0.005021,0.001652,0.106,0.1172
Q00117,Q00117-L1,2026-04-25 22:00:00.000,2024-01-02,2025-01-01,4086074.33,1573290.33,77715.12,20260.23,0.1873,0.1823,530455.07,477409.56,487209.74,474446.46,554271.64,0.095098,-0.008165,0.07372,0.02523,-0.089816,0.087826,-0.007983,0.006316,0.1196,0.0677
Q00118,Q00118-L1,2026-04-25 22:00:00.000,2024-04-18,2025-04-18,2649904.19,958101.55,26350.18,10628.24,0.0875,0.1882,413328.93,371996.03,412760.72,455353.72,416181.53,0.100915,0.057458,0.035857,0.009085,0.040298,0.069116,-0.041799,-0.013265,0.0509,0.0366
Q00120,Q00120-L1,2026-04-25 22:00:00.000,2023-10-08,2024-10-07,28288264.42,7917905.33,584713.92,210990.12,0.095,0.23,429336.08,386402.47,438421.67,421513.39,415921.47,0.189837,0.07878,0.077437,0.036383,0.027421,0.098447,-0.049471,0.000919,0.0479,0.0471
Q00120,Q00120-L2,2026-04-25 22:00:00.000,2023-10-08,2024-10-07,1854282.91,387466.24,24477.49,8721.69,0.095,0.23,199520.55,179568.49,195153.84,190913.52,206626.27,0.117222,0.078619,0.051667,-0.015573,0.00113,0.038616,0.041075,-0.008493,0.0479,0.0471
Q00120,Q00120-L3,2026-04-25 22:00:00.000,2023-10-08,2024-10-07,13851581.53,2737068.05,137189.62,48680.78,0.095,0.23,288988.96,260090.07,299256.37,272275.04,275701.43,-0.074584,-0.091708,0.044333,-0.030884,-0.036766,-0.030771,-0.031564,0.005633,0.0479,0.0471
Q00121,Q00121-L1,2026-04-25 22:00:00.000,2024-10-15,2025-10-15,8389654.61,1877380.93,38119.85,9919.17,0.1483,0.2497,262539.59,236285.63,264869.68,310113.87,254829.68,0.224221,0.135269,0.077564,0.007457,0.062963,0.057585,0.032997,-0.01945,0.0743,0.074
Q00121,Q00121-L2,2026-04-25 22:00:00.000,2024-10-15,2025-10-15,4113801.8,214583.38,10204.97,1922.91,0.1483,0.2497,27779.82,25001.84,24073.46,24545.22,28774.65,0.124019,0.067099,0.044668,0.015952,0.070079,0.016512,-0.029845,0.005402,0.0743,0.074
Q00123,Q00123-L1,2026-04-25 22:00:00.000,2024-08-12,2025-08-12,18650023.45,1534097.59,102730.18,29553.68,0.1043,0.1993,64408.23,57967.41,58333.19,54204.66,63037.69,0.223405,0.161853,0.029516,0.028139,0.108423,0.062249,0.002428,-0.011846,0.083,0.0213
Q00126,Q00126-L1,2026-04-25 22:00:00.000,2024-02-28,2025-02-27,9639481.48,1335399.86,173276.47,59391.45,0.0731,0.1425,125217.68,112695.91,115418.57,125663.49,124442.95,0.017626,-0.010156,0.047266,-0.01968,-0.043921,-0.019861,0.036385,0.013579,0.0541,0.019
Q00126,Q00126-L2,2026-04-25 22:00:00.000,2024-02-28,2025-02-27,11907298.68,1580957.5,251262.33,81921.01,0.0731,0.1425,133628.39,120265.55,122063.94,138184.12,138465.77,-0.030007,-0.101312,0.053105,0.014189,-0.063827,-0.009849,-0.012917,-0.009808,0.0541,0.019
Q00128,Q00128-L1,2026-04-25 22:00:00.000,2024-01-25,2025-01-24,2495896.01,693049.29,82947.36,27958.73,0.1782,0.1775,107597.57,96837.81,110423.11,124663.14,108969.64,0.151089,0.106171,0.073927,-0.02479,-0.038926,0.093652,0.043137,0.014234,0.1156,0.0626
Q00129,Q00129-L1,2026-04-25 22:00:00.000,2024-08-08,2025-08-08,3833246.76,826984.91,12876.92,3435.93,0.099,0.2466,101070.09,90963.08,91379.22,104792.05,104148.62,-0.095074,-0.101785,0.054077,-0.049854,-0.051645,-0.03373,-0.019366,0.010566,0.0537,0.0453
Q00129,Q00129-L2,2026-04-25 22:00:00.000,2024-08-08,2025-08-08,17914094.63,4992728.3,832162.04,233333.24,0.099,0.2466,66895.82,60206.24,63706.6,58222.19,66850.0,0.160634,0.131554,0.041413,-0.012008,0.056155,0.083539,-0.017528,0.014312,0.0537,0.0453
Q00130,Q00130-L1,2026-04-25 22:00:00.000,2024-06-12,2025-06-12,4605768.69,843622.3,80762.46,17222.43,0.2976,0.1646,129989.66,116990.69,138577.55,157802.69,129226.38,0.116074,0.078344,0.071993,-0.029504,0.00309,0.099393,-0.04274,0.007238,0.2479,0.0497
Q00133,Q00133-L1,2026-04-25 22:00:00.000,2024-11-19,2025-11-19,3502261.6,1559098.52,15214.64,4417.96,0.1448,0.1204,179184.15,161265.73,177623.74,178527.0,174710.22,0.267055,0.16931,0.044548,0.049132,0.060755,0.08347,0.03931,-0.016261,0.0972,0.0476
Q00136,Q00136-L1,2026-04-25 22:00:00.000,2024-03-14,2025-03-14,4560105.23,1466708.72,210362.48,50427.86,0.1183,0.1897,458266.36,412439.72,469101.13,472804.87,476022.72,0.242323,0.189525,0.030022,0.025733,0.082166,0.088934,-0.001045,0.01969,0.1002,0.0181
Q00136,Q00136-L2,2026-04-25 22:00:00.000,2024-03-14,2025-03-14,6647287.15,2999041.77,115617.8,21588.34,0.1183,0.1897,443206.98,398886.28,471170.31,510040.28,429580.34,0.209472,0.105897,0.061783,0.043465,0.088332,0.033443,-0.033571,0.009556,0.1002,0.0181
Q00136,Q00136-L3,2026-04-25 22:00:00.000,2024-03-14,2025-03-14,2818698.12,214339.47,8552.97,2234.96,0.1183,0.1897,634487.07,571038.36,567167.08,578480.9,648703.51,-0.063566,-0.072667,0.031859,-0.0205,-0.084681,0.01742,0.011865,-0.01874,0.1002,0.0181
Q00137,Q00137-L1,2026-04-25 22:00:00.000,2024-01-11,2025-01-10,7185176.2,711884.61,2728.01,1296.73,0.2085,0.155,274670.53,247203.47,283674.68,265575.79,265264.0,-0.050453,-0.090529,0.070017,-0.034093,-0.005478,-0.024294,-0.046487,-0.012996,0.1555,0.053
Q00138,Q00138-L1,2026-04-25 22:00:00.000,2023-12-19,2024-12-18,6995962.35,2665690.56,78280.27,35498.92,0.0724,0.111,440508.12,396457.31,368265.54,427690.55,433021.65,0.242347,0.141997,0.062823,0.038383,0.032716,0.085137,0.009168,0.018476,0.0486,0.0238
Q00138,Q00138-L2,2026-04-25 22:00:00.000,2023-12-19,2024-12-18,5890958.01,2487737.1,61492.46,52827.3,0.0724,0.111,146665.9,131999.31,159735.71,155967.02,142211.21,0.133918,0.123117,0.046944,-0.032786,0.109173,0.016761,-0.018427,0.004251,0.0486,0.0238
Q00138,Q00138-L3,2026-04-25 22:00:00.000,2023-12-19,2024-12-18,6776270.38,2166487.15,158801.32,63816.95,0.0724,0.111,290806.59,261725.94,239703.61,263478.42,287741.7,0.018113,-0.01176,0.067796,-0.037322,-0.086552,0.060551,0.003354,0.014287,0.0486,0.0238
Q00141,Q00141-L1,2026-04-25 22:00:00.000,2024-02-07,2025-02-06,5000890.36,1178685.93,65223.73,57961.84,0.2337,0.1974,297130.97,267417.87,298070.0,276630.83,285053.68,0.018727,-0.023007,0.067937,-0.025952,-0.08731,0.078745,0.004367,-0.017033,0.1643,0.0694
Q00142,Q00142-L1,2026-04-25 22:00:00.000,2024-12-07,2025-12-07,1820604.79,670278.07,37106.01,15356.24,0.2857,0.1392,94454.0,85008.6,88215.78,87166.02,95718.31,0.057456,-0.000708,0.028383,0.029003,0.074694,-0.036593,-0.035218,-0.002306,0.1525,0.1332
Q00143,Q00143-L1,2026-04-25 22:00:00.000,2024-05-17,2025-05-17,4705050.31,639158.36,23572.64,6043.16,0.1956,0.112,307360.17,276624.15,273913.49,263868.21,316826.0,-0.101161,-0.071725,0.021986,-0.048847,-0.09317,0.049732,-0.047579,0.012384,0.1298,0.0658
Q00144,Q00144-L1,2026-04-25 22:00:00.000,2024-02-18,2025-02-17,34015821.71,8350477.99,441510.94,168134.34,0.0765,0.1879,119412.14,107470.93,118277.66,121199.6,117177.27,0.218725,0.184114,0.052342,-0.012846,0.096866,0.062271,0.010487,0.008769,0.0374,0.0391
Q00144,Q00144-L2,2026-04-25 22:00:00.000,2024-02-18,2025-02-17,8778765.79,2388447.29,79235.98,33869.29,0.0765,0.1879,182876.43,164588.79,161296.73,152693.26,188808.15,0.008366,-0.029262,0.029556,0.004578,-0.063014,0.050222,0.004001,-0.008513,0.0374,0.0391
Q00145,Q00145-L1,2026-04-25 22:00:00.000,2024-05-24,2025-05-24,12422057.81,2393958.05,9947.29,2940.88,0.154,0.1433,180347.16,162312.44,189647.62,177111.23,177848.75,-0.111426,-0.144508,0.021575,0.009921,-0.099301,-0.010807,-0.025439,-0.006186,0.1285,0.0255
Q00146,Q00146-L1,2026-04-25 22:00:00.000,2024-03-25,2025-03-25,23866414.98,9021536.94,494230.27,178207.78,0.0612,0.1774,146646.39,131981.75,156408.78,178140.87,149788.84,0.039104,0.025574,0.036165,-0.027216,-0.01959,0.049199,-0.013379,0.012863,0.0449,0.0163
Q00147,Q00147-L1,2026-04-25 22:00:00.000,2024-03-11,2025-03-11,7802521.51,1130030.63,34809.56,26284.37,0.2143,0.1938,430843.02,387758.71,374858.41,367291.88,417261.4,0.060082,-0.02141,0.057085,0.028652,-0.095751,0.04366,0.013624,0.017544,0.1303,0.084
Q00148,Q00148-L1,2026-04-25 22:00:00.000,2024-06-19,2025-06-19,264368.38,15318.85,2542.27,668.03,0.0993,0.1097,1217494.57,1095745.11,1183265.66,1117620.14,1217305.52,0.020953,-0.007598,0.027456,0.005579,0.032322,-0.049254,0.012558,-0.009654,0.0492,0.0501
Q00148,Q00148-L2,2026-04-25 22:00:00.000,2024-06-19,2025-06-19,1372066.5,253329.3,38868.42,8038.63,0.0993,0.1097,472578.89,425321.0,458342.34,450918.49,457024.96,-0.078844,-0.081522,0.02385,-0.02322,-0.061285,-0.04017,0.019664,0.004763,0.0492,0.0501
Q00148,Q00148-L3,2026-04-25 22:00:00.000,2024-06-19,2025-06-19,41295902.28,5978717.11,833592.91,183151.09,0.0993,0.1097,362583.59,326325.23,370429.37,392830.29,347433.69,0.135653,0.111893,0.034563,-0.00802,0.079248,0.005238,0.022523,0.001133,0.0492,0.0501
Q00149,Q00149-L1,2026-04-25 22:00:00.000,2024-07-29,2025-07-29,37358106.03,11132410.3,229883.89,91677.04,0.1283,0.231,148998.52,134098.67,144362.8,162169.41,146613.52,0.147384,0.058358,0.065018,0.025766,0.116568,-0.043652,-0.009672,-0.010837,0.07,0.0583
Q00150,Q00150-L1,2026-04-25 22:00:00.000,2024-03-28,2025-03-28,1989857.5,673973.95,18115.03,12656.29,0.0851,0.2025,190400.33,171360.3,183022.89,166620.25,194794.39,0.006274,-0.024761,0.042636,-0.008881,-0.030053,-0.00641,0.007571,0.012589,0.049,0.0361
Q00152,Q00152-L1,2026-04-25 22:00:00.000,2024-03-20,2025-03-20,3362309.09,410191.13,13436.32,9462.97,0.1858,0.1553,1828534.96,1645681.47,1593784.71,1466294.42,1747626.57,0.142046,0.068997,0.078349,-0.003432,0.107938,-0.04077,0.018826,-0.018498,0.1573,0.0285
Q00152,Q00152-L2,2026-04-25 22:00:00.000,2024-03-20,2025-03-20,8768369.18,4201291.79,141706.27,46314.32,0.1858,0.1553,336438.82,302794.93,297135.45,321613.73,322798.74,0.053009,-0.025126,0.041304,0.032853,-0.035571,-0.002739,0.020888,-0.004211,0.1573,0.0285
Q00153,Q00153-L1,2026-04-25 22:00:00.000,2024-12-16,2025-12-16,10764073.26,5014189.17,259962.79,70784.52,0.2439,0.19,239898.85,215908.97,259584.51,277728.19,233318.85,0.049262,0.006243,0.031917,0.009332,0.057718,-0.020301,-0.028322,-0.0038,0.1329,0.111
Q00156,Q00156-L1,2026-04-25 22:00:00.000,2024-07-06,2025-07-06,2319901.79,672724.25,17302.83,10101.67,0.1318,0.2324,225622.56,203060.3,223818.61,216170.1,234462.99,0.0573,-0.015193,0.050293,0.02584,-0.01814,0.008401,-0.003829,2.7e-05,0.0594,0.0724
Q00156,Q00156-L2,2026-04-25 22:00:00.000,2024-07-06,2025-07-06,25567648.34,13984929.92,478993.22,111488.41,0.1318,0.2324,38219.08,34397.17,40830.05,40851.13,37750.1,-0.018358,-0.075182,0.026405,0.027863,-0.071996,-0.030814,0.00972,0.016973,0.0594,0.0724
Q00157,Q00157-L1,2026-04-25 22:00:00.000,2024-03-12,2025-03-12,4450240.34,861840.96,35700.31,8692.82,0.1945,0.1708,303675.92,273308.33,303835.45,304545.13,297943.37,-0.034248,-0.093706,0.063487,-0.008449,-0.099231,0.043159,-0.02863,-0.005284,0.1316,0.0629
Q00157,Q00157-L2,2026-04-25 22:00:00.000,2024-03-12,2025-03-12,4379209.31,773316.45,137112.62,26802.49,0.1945,0.1708,31540.92,28386.83,28466.3,31635.74,31248.47,0.080471,0.058098,0.052354,-0.027416,-0.000749,0.021602,0.033807,0.003462,0.1316,0.0629
Q00158,Q00158-L1,2026-04-25 22:00:00.000,2024-09-16,2025-09-16,3307403.52,1049944.7,87728.04,27904.4,0.2774,0.1256,85447.5,76902.75,79119.66,81271.31,84654.95,0.052796,0.022396,0.047078,-0.016481,0.004567,-0.036166,0.043378,0.007817,0.2227,0.0547
Q00158,Q00158-L2,2026-04-25 22:00:00.000,2024-09-16,2025-09-16,3061905.06,999032.69,3342.33,1401.53,0.2774,0.1256,122224.42,110001.98,124883.92,122859.39,117687.29,0.075669,0.032742,0.049543,-0.01045,0.008843,0.06861,-0.045364,0.007747,0.2227,0.0547
Q00158,Q00158-L3,2026-04-25 22:00:00.000,2024-09-16,2025-09-16,4772496.42,601365.78,8791.64,3511.13,0.2774,0.1256,136412.54,122771.28,116152.74,119343.69,133962.27,0.078399,0.056421,0.051215,-0.029682,-0.002353,0.082681,-0.041162,0.014849,0.2227,0.0547
Q00159,Q00159-L1,2026-04-25 22:00:00.000,2024-05-14,2025-05-14,3695075.7,593273.52,25429.3,9468.15,0.0728,0.2118,219414.59,197473.13,219654.94,208288.59,220761.16,0.064538,-0.006169,0.069044,0.000908,-0.054149,0.035806,-0.001461,0.013897,0.0355,0.0373
Q00159,Q00159-L2,2026-04-25 22:00:00.000,2024-05-14,2025-05-14,43185141.3,15887829.65,845404.66,253362.51,0.0728,0.2118,97064.87,87358.38,90904.36,94175.94,100586.71,0.098204,0.056207,0.077788,-0.038417,-0.023998,0.03318,0.029381,0.019406,0.0355,0.0373
Q00161,Q00161-L1,2026-04-25 22:00:00.000,2024-05-02,2025-05-02,2233049.33,386016.71,29242.99,8128.17,0.2216,0.2369,141294.24,127164.81,143338.24,154019.2,141398.79,-0.054177,-0.070239,0.056871,-0.037586,-0.074381,0.005584,0.019111,-0.019278,0.176,0.0456
Q00161,Q00161-L2,2026-04-25 22:00:00.000,2024-05-02,2025-05-02,9666187.0,869491.34,36785.87,14379.44,0.2216,0.2369,60089.21,54080.29,64360.68,72647.65,59612.93,0.120646,0.027509,0.076098,0.021465,0.013277,-0.011713,0.030732,-0.003886,0.176,0.0456
Q00163,Q00163-L1,2026-04-25 22:00:00.000,2024-03-31,2025-03-31,8295217.67,1787498.84,66599.98,16932.43,0.1467,0.1937,63521.07,57168.96,59520.79,63519.16,61267.22,0.238556,0.148607,0.06557,0.024602,0.068977,0.064163,0.03542,-0.016414,0.1152,0.0315
Q00164,Q00164-L1,2026-04-25 22:00:00.000,2023-12-31,2024-12-30,8053681.73,3380470.99,459068.58,106994.11,0.1753,0.2175,316018.0,284416.2,341025.36,329138.51,326736.9,0.275722,0.206911,0.037664,0.02723,0.121835,0.035422,0.02923,0.014273,0.108,0.0673
Q00165,Q00165-L1,2026-04-25 22:00:00.000,2024-09-10,2025-09-10,17169725.39,6054848.26,124815.95,80451.97,0.1594,0.2211,848478.47,763630.63,840092.51,767013.47,844845.42,0.031062,-0.000651,0.077638,-0.044523,0.055554,-0.046556,0.005791,-0.0138,0.1325,0.0269
Q00165,Q00165-L2,2026-04-25 22:00:00.000,2024-09-10,2025-09-10,30718483.85,12605998.79,425849.66,425411.86,0.1594,0.2211,536985.38,483286.85,514186.04,506613.58,538070.55,0.096352,-0.002832,0.0537,0.049469,-0.042972,0.04101,-0.017422,0.006502,0.1325,0.0269
Q00165,Q00165-L3,2026-04-25 22:00:00.000,2024-09-10,2025-09-10,881141.19,273364.43,36932.41,9153.24,0.1594,0.2211,488287.56,439458.8,525779.27,601491.46,485072.1,0.116343,0.112353,0.020184,-0.015532,0.001868,0.049537,0.04816,0.01609,0.1325,0.0269
Q00166,Q00166-L1,2026-04-25 22:00:00.000,2024-06-03,2025-06-03,20783110.93,8389994.84,916500.58,293281.99,0.0817,0.1045,714508.08,643057.27,686083.96,746275.63,718923.31,-0.005806,-0.053529,0.028797,0.016092,-0.076626,0.032592,0.007291,-0.006211,0.0623,0.0194
Q00166,Q00166-L2,2026-04-25 22:00:00.000,2024-06-03,2025-06-03,1155933.8,207618.69,46450.19,9852.07,0.0817,0.1045,883021.78,794719.6,800009.01,922642.75,874074.17,0.090061,0.04303,0.068434,-0.018631,-0.015787,0.088574,-0.037981,0.013732,0.0623,0.0194
Q00167,Q00167-L1,2026-04-25 22:00:00.000,2024-06-05,2025-06-05,12020856.39,2368835.6,50883.57,15727.43,0.0639,0.1223,147454.07,132708.67,128729.59,124818.12,145821.55,0.058503,-0.041955,0.071278,0.033253,-0.058939,0.06285,-0.049902,0.006709,0.0507,0.0132
Q00167,Q00167-L2,2026-04-25 22:00:00.000,2024-06-05,2025-06-05,9247594.35,725924.62,16499.47,8435.13,0.0639,0.1223,120931.64,108838.48,131144.72,128777.6,119422.31,0.133474,0.143721,0.024873,-0.030667,0.052972,0.073534,0.032332,-0.018981,0.0507,0.0132
Q00168,Q00168-L1,2026-04-25 22:00:00.000,2024-08-05,2025-08-05,6370249.06,1234208.32,11507.13,4659.7,0.0947,0.1084,131407.68,118266.91,127710.58,132140.54,134429.75,-0.029168,-0.04677,0.023259,-0.009221,-0.055703,0.044431,-0.03041,0.003298,0.079,0.0157
Q00168,Q00168-L2,2026-04-25 22:00:00.000,2024-08-05,2025-08-05,1724953.13,492719.94,9389.4,5075.98,0.0947,0.1084,60138.83,54124.95,60051.47,61690.71,61169.57,0.06095,0.061459,0.03689,-0.033769,0.078579,0.017354,-0.036027,-0.003871,0.079,0.0157
Q00169,Q00169-L1,2026-04-25 22:00:00.000,2024-06-08,2025-06-08,6018577.25,1172338.33,131320.57,54341.99,0.2755,0.1894,64376.39,57938.75,57649.97,60240.91,67186.9,0.371674,0.255058,0.06956,0.042283,0.130773,0.097297,0.006542,0.017299,0.1437,0.1318
Q00169,Q00169-L2,2026-04-25 22:00:00.000,2024-06-08,2025-06-08,4296794.06,1091711.23,15692.66,10323.62,0.2755,0.1894,1177602.92,1059842.62,1108307.65,1088133.95,1165981.42,0.159845,0.175386,0.025351,-0.036733,0.132847,0.003682,0.043061,-0.011895,0.1437,0.1318
Q00169,Q00169-L3,2026-04-25 22:00:00.000,2024-06-08,2025-06-08,34138122.2,7431300.37,19606.71,10316.23,0.2755,0.1894,206182.24,185564.02,182340.76,176113.72,202424.69,-0.045081,-0.132547,0.074458,0.017803,-0.080351,-0.025493,-0.012017,-0.011245,0.1437,0.1318
Q00170,Q00170-L1,2026-04-25 22:00:00.000,2024-03-20,2025-03-20,4063476.17,1343612.99,24354.84,19481.6,0.1979,0.1702,73635.9,66272.31,76376.06,80305.22,70305.97,0.107408,0.030193,0.073484,0.004519,-0.023225,0.038883,0.022599,-0.013252,0.1281,0.0698
Q00170,Q00170-L2,2026-04-25 22:00:00.000,2024-03-20,2025-03-20,2976360.28,893797.34,36442.14,8394.64,0.1979,0.1702,605301.84,544771.65,608302.62,560231.27,619884.55,0.075555,0.08723,0.037086,-0.04471,0.012935,0.052307,0.0332,-0.004066,0.1281,0.0698
Q00170,Q00170-L3,2026-04-25 22:00:00.000,2024-03-20,2025-03-20,17393482.68,5016936.91,237541.0,64937.36,0.1979,0.1702,124054.04,111648.63,133668.34,138709.22,124295.01,0.272461,0.173233,0.058344,0.037818,0.123567,0.038349,0.032732,-0.015906,0.1281,0.0698
Q00171,Q00171-L1,2026-04-25 22:00:00.000,2024-02-15,2025-02-14,79826529.89,27049265.78,222718.21,75576.38,0.2318,0.2461,269761.18,242785.06,284548.59,332149.91,274658.2,0.156213,0.123209,0.05639,-0.026614,0.006505,0.07395,0.037473,0.001574,0.114,0.1178
Q00173,Q00173-L1,2026-04-25 22:00:00.000,2024-02-05,2025-02-04,4424816.11,2036372.1,23489.38,7062.82,0.1084,0.1478,330164.98,297148.49,325723.69,306356.28,336771.97,0.201158,0.124696,0.067136,0.008861,0.079796,0.014303,0.018075,0.019779,0.0897,0.0187
Q00174,Q00174-L1,2026-04-25 22:00:00.000,2024-04-10,2025-04-10,866493.72,268583.74,13273.4,5149.6,0.0726,0.1604,738936.08,665042.48,737173.26,794269.38,713754.41,-0.039248,-0.095022,0.067544,-0.013491,-0.099437,0.031093,-0.041565,0.013627,0.0561,0.0165
Q00174,Q00174-L2,2026-04-25 22:00:00.000,2024-04-10,2025-04-10,5827453.34,1761555.14,29237.05,14799.56,0.0726,0.1604,1042675.28,938407.75,1004790.2,1038591.58,1088247.18,0.159795,0.03827,0.079332,0.043706,0.071687,0.01074,-0.034966,-0.017086,0.0561,0.0165
Q00176,Q00176-L1,2026-04-25 22:00:00.000,2024-07-19,2025-07-19,8013141.36,960644.63,20517.16,4329.41,0.0555,0.1109,130639.81,117575.83,124244.38,119316.78,126176.33,0.110686,0.074418,0.022366,0.009063,0.093143,-0.009722,-0.007004,0.004358,0.0264,0.0291
Q00177,Q00177-L1,2026-04-25 22:00:00.000,2024-04-21,2025-04-21,3922338.8,941927.12,22867.37,9816.77,0.1037,0.2338,185322.21,166789.98,203131.98,218886.35,178465.06,0.272992,0.206943,0.059739,0.004228,0.143752,0.039733,0.019141,0.000294,0.0544,0.0493
Q00179,Q00179-L1,2026-04-25 22:00:00.000,2024-04-19,2025-04-19,2312146.09,315388.61,708.02,368.98,0.1048,0.2324,170536.21,153482.58,160673.86,152606.43,165062.71,0.13303,0.099399,0.037014,-0.004814,0.036423,0.018683,0.031026,0.016517,0.0847,0.0201
Q00179,Q00179-L2,2026-04-25 22:00:00.000,2024-04-19,2025-04-19,1845237.96,135199.61,9225.95,3877.24,0.1048,0.2324,215673.93,194106.54,224956.72,211707.32,218430.66,0.098642,0.082251,0.059404,-0.047378,0.053896,-0.008765,0.028025,0.018541,0.0847,0.0201
Q00179,Q00179-L3,2026-04-25 22:00:00.000,2024-04-19,2025-04-19,32730962.82,7262807.06,402917.18,130419.71,0.1048,0.2324,183486.3,165137.67,170836.51,156804.79,188069.14,0.159141,0.06013,0.057418,0.041532,0.026451,0.057781,-0.034608,0.013364,0.0847,0.0201
Q00180,Q00180-L1,2026-04-25 22:00:00.000,2024-01-09,2025-01-08,51809157.28,18350858.4,3410798.13,789887.37,0.2957,0.2186,132173.07,118955.76,119598.92,137602.03,130721.21,0.24774,0.195884,0.067544,-0.013132,0.073875,0.082453,0.016357,0.014712,0.179,0.1167
Q00183,Q00183-L1,2026-04-25 22:00:00.000,2024-02-07,2025-02-06,4060305.3,1567140.48,40719.89,8226.04,0.0936,0.2092,61489.37,55340.43,65279.31,70820.2,59277.93,0.164706,0.12207,0.073986,-0.032409,0.086618,0.077872,-0.023168,-0.012698,0.0784,0.0152
Q00183,Q00183-L2,2026-04-25 22:00:00.000,2024-02-07,2025-02-06,2752100.4,1072702.26,70228.4,19002.3,0.0936,0.2092,365936.56,329342.91,305916.1,314940.54,367626.53,0.286162,0.20562,0.061012,0.023936,0.111686,0.06843,0.033031,-0.011112,0.0784,0.0152
Q00184,Q00184-L1,2026-04-25 22:00:00.000,2024-06-11,2025-06-11,3844521.76,579526.88,10207.72,3150.12,0.2803,0.2352,284993.31,256493.98,291948.47,278731.72,275641.46,0.22736,0.188427,0.07496,-0.03134,0.090375,0.058363,0.043216,-0.012884,0.2346,0.0457
Q00184,Q00184-L2,2026-04-25 22:00:00.000,2024-06-11,2025-06-11,15673658.83,3849198.53,80327.32,58394.68,0.2803,0.2352,2010670.64,1809603.57,2049025.78,2206869.49,1915296.34,0.194823,0.172107,0.061186,-0.039778,0.115113,0.090937,-0.039379,0.008425,0.2346,0.0457
Q00184,Q00184-L3,2026-04-25 22:00:00.000,2024-06-11,2025-06-11,27275063.42,5715147.79,935482.49,178469.44,0.2803,0.2352,885991.38,797392.24,797758.13,840432.11,901534.03,0.100811,0.094029,0.020938,-0.017956,0.021942,0.052015,0.032486,-0.011032,0.2346,0.0457
Q00187,Q00187-L1,2026-04-25 22:00:00.000,2023-11-07,2024-11-06,1133196.05,157382.02,8379.09,4550.27,0.1868,0.1768,805135.53,724621.98,831876.97,858744.04,781801.57,0.103461,0.081879,0.022813,0.002154,0.076172,0.037297,-0.023087,-0.018492,0.1512,0.0356
Q00187,Q00187-L2,2026-04-25 22:00:00.000,2023-11-07,2024-11-06,2753674.21,951438.77,64107.63,22351.02,0.1868,0.1768,307522.43,276770.19,347915.41,323249.12,305254.46,0.158012,0.106067,0.026433,0.022893,-0.008472,0.082915,0.031754,-0.000966,0.1512,0.0356
Q00188,Q00188-L1,2026-04-25 22:00:00.000,2024-03-13,2025-03-13,3564365.98,1322247.33,5705.84,2049.79,0.1885,0.2277,706888.68,636199.82,705875.88,772930.95,715068.71,0.168624,0.148681,0.058599,-0.03909,0.137597,0.068868,-0.046481,-0.005846,0.1546,0.0339
Q00190,Q00190-L1,2026-04-25 22:00:00.000,2024-08-25,2025-08-25,17171849.28,1879266.57,233710.06,67189.43,0.2714,0.2422,143804.88,129424.4,131779.8,151466.92,138582.61,0.001497,-0.027574,0.027898,-0.002199,-0.032079,-0.030534,0.03447,0.001071,0.1622,0.1092
Q00191,Q00191-L1,2026-04-25 22:00:00.000,2024-02-14,2025-02-13,13860855.29,4353205.61,66386.6,28146.49,0.2546,0.1496,151651.12,136486.0,164979.91,152810.6,151540.59,0.165096,0.094753,0.066376,0.000644,0.098074,0.017467,-0.00578,-0.008054,0.1572,0.0974
Q00193,Q00193-L1,2026-04-25 22:00:00.000,2024-07-19,2025-07-19,34370170.82,6485830.47,438982.1,112439.5,0.0668,0.1507,103173.9,92856.51,104942.35,116600.17,107409.05,0.225468,0.128295,0.055299,0.046454,0.099151,-0.002401,0.021268,0.004546,0.0404,0.0264
Q00194,Q00194-L1,2026-04-25 22:00:00.000,2024-04-19,2025-04-19,4522546.35,1409346.43,35852.46,32924.42,0.0752,0.2451,127617.34,114855.61,126737.33,126927.21,133468.1,0.11473,0.084814,0.072949,-0.045713,0.100405,0.005876,-0.027043,0.005894,0.0424,0.0328
Q00195,Q00195-L1,2026-04-25 22:00:00.000,2023-11-28,2024-11-27,5351091.54,1298786.81,82303.5,23134.7,0.1688,0.1197,274171.63,246754.47,277373.67,277858.5,268777.65,-0.112488,-0.091196,0.024155,-0.049443,-0.015018,-0.044932,-0.029591,0.00532,0.0941,0.0747
Q00195,Q00195-L2,2026-04-25 22:00:00.000,2023-11-28,2024-11-27,57577957.94,13307595.02,471381.5,139355.02,0.1688,0.1197,441329.24,397196.31,504716.47,590184.89,438728.21,0.229636,0.181613,0.049438,-4.2e-05,0.112586,0.098569,-0.027791,-0.00204,0.0941,0.0747
Q00198,Q00198-L1,2026-04-25 22:00:00.000,2024-05-10,2025-05-10,26816309.02,4242454.09,84059.24,40163.39,0.1615,0.2424,196542.03,176887.82,182587.3,172901.0,202759.75,0.05263,0.021968,0.064325,-0.033229,-0.007791,-0.018627,0.045869,0.001033,0.1347,0.0268
Q00199,Q00199-L1,2026-04-25 22:00:00.000,2024-08-03,2025-08-03,7440759.83,825589.56,19541.92,7865.81,0.1524,0.2106,198751.45,178876.3,195748.2,215375.03,194028.92,-0.137854,-0.141318,0.020425,-0.019513,-0.076849,0.006573,-0.049189,-0.016406,0.0698,0.0826
Q00200,Q00200-L1,2026-04-25 22:00:00.000,2024-09-26,2025-09-26,8420603.87,509691.22,10404.44,9798.59,0.1046,0.124,1734997.91,1561498.12,1810706.14,1907233.76,1757159.83,0.127495,0.116297,0.051121,-0.041291,0.014007,0.068038,0.039985,-0.000797,0.0597,0.0449
Q00200,Q00200-L2,2026-04-25 22:00:00.000,2024-09-26,2025-09-26,20277375.31,6429548.27,492897.31,111860.11,0.1046,0.124,122363.09,110126.78,106495.38,123397.35,125172.01,0.22138,0.163708,0.057117,0.001093,0.09388,0.050468,-0.004643,0.015986,0.0597,0.0449
Q00201,Q00201-L1,2026-04-25 22:00:00.000,2024-02-12,2025-02-11,11407386.99,3906386.64,54781.14,21307.2,0.288,0.1589,156461.42,140815.27,152508.8,179139.66,163128.04,0.09277,0.054789,0.023799,0.018748,-0.05042,0.068082,0.02283,0.017032,0.2047,0.0833
Q00205,Q00205-L1,2026-04-25 22:00:00.000,2024-08-11,2025-08-11,13598482.4,6653709.01,453304.32,194158.04,0.2732,0.1489,238865.55,214979.0,230251.95,209853.24,232566.0,0.27987,0.162845,0.072894,0.045534,0.083201,0.06991,0.015725,0.003407,0.2308,0.0424
Q00206,Q00206-L1,2026-04-25 22:00:00.000,2023-10-06,2024-10-05,2039585.0,776290.92,76071.76,22457.67,0.2409,0.1826,287157.02,258441.32,293676.99,325969.69,298140.96,0.048643,-0.043095,0.054656,0.039452,-0.049203,0.033392,-0.019194,-0.003285,0.1169,0.124
Q00207,Q00207-L1,2026-04-25 22:00:00.000,2024-02-24,2025-02-23,1247117.36,177033.02,18437.46,6537.19,0.051,0.1328,216908.46,195217.62,199445.16,234356.99,223955.15,0.211938,0.145096,0.035234,0.031076,0.093733,0.041682,0.022503,-0.012782,0.0379,0.0131
Q00209,Q00209-L1,2026-04-25 22:00:00.000,2023-09-01,2024-08-31,11869255.62,5623864.51,184793.91,92023.21,0.1139,0.2291,322047.58,289842.82,300573.27,311456.08,324610.38,0.09474,0.018113,0.034789,0.040107,0.017128,0.02905,-0.00023,-0.015499,0.0756,0.0383
Q00209,Q00209-L2,2026-04-25 22:00:00.000,2023-09-01,2024-08-31,3655983.75,560822.47,3800.32,2168.39,0.1139,0.2291,364681.28,328213.15,347037.64,403081.37,352765.92,0.177122,0.152581,0.065165,-0.040144,0.098308,0.00957,0.029059,0.014519,0.0756,0.0383
Q00210,Q00210-L1,2026-04-25 22:00:00.000,2024-02-26,2025-02-25,10755216.76,2997910.53,71509.96,20668.83,0.2076,0.2325,614462.63,553016.37,628604.34,598448.81,595085.93,0.075647,0.024081,0.051117,0.000592,0.04223,0.002397,-0.028941,0.009599,0.1184,0.0892
Q00212,Q00212-L1,2026-04-25 22:00:00.000,2023-07-26,2024-07-25,9530786.43,3747740.41,65433.05,43478.45,0.1779,0.1956,63708.16,57337.34,67793.43,62275.33,65970.98,0.0446,0.011433,0.066114,-0.0298,-0.030467,-0.004684,0.042254,0.005816,0.1315,0.0464
Q00214,Q00214-L1,2026-04-25 22:00:00.000,2024-06-12,2025-06-12,4510905.23,990902.02,24491.14,9992.14,0.2906,0.1861,327018.63,294316.77,307468.27,281224.93,322056.04,0.143341,0.040679,0.063677,0.039854,0.116898,-0.046574,-0.035078,0.003088,0.1624,0.1282
Q00214,Q00214-L2,2026-04-25 22:00:00.000,2024-06-12,2025-06-12,2631696.7,727301.46,37371.23,17489.88,0.2906,0.1861,201650.61,181485.55,183655.51,211147.85,203535.74,-0.074991,-0.120666,0.031571,0.011208,-0.050917,-0.049263,-0.008442,-0.001196,0.1624,0.1282
Q00216,Q00216-L1,2026-04-25 22:00:00.000,2023-10-11,2024-10-10,11864020.89,3116338.59,59844.03,48135.59,0.1346,0.1139,243712.99,219341.69,219228.14,209478.14,249708.84,0.114809,0.121625,0.032435,-0.038192,0.071696,0.05506,-0.003966,-0.001338,0.0887,0.0459
Q00216,Q00216-L2,2026-04-25 22:00:00.000,2023-10-11,2024-10-10,6213838.63,1769556.7,87971.51,34559.64,0.1346,0.1139,141411.68,127270.52,142598.25,135555.02,147526.36,0.151289,0.104464,0.027257,0.022167,0.011623,0.05845,0.016172,0.017021,0.0887,0.0459
Q00217,Q00217-L1,2026-04-25 22:00:00.000,2024-07-20,2025-07-20,3410112.63,384586.82,23255.03,17879.36,0.2674,0.1297,68288.55,61459.7,64250.8,70232.54,66800.17,0.177767,0.136557,0.040239,0.003615,0.065084,0.018301,0.037687,0.01245,0.1283,0.1391
Q00217,Q00217-L2,2026-04-25 22:00:00.000,2024-07-20,2025-07-20,4002185.14,1427036.48,117140.1,40420.54,0.2674,0.1297,72127.43,64914.68,66711.55,65762.64,69450.11,-0.004026,-0.018311,0.028437,-0.016284,-0.097814,0.049739,0.048198,-0.013995,0.1283,0.1391
Q00217,Q00217-L3,2026-04-25 22:00:00.000,2024-07-20,2025-07-20,8514669.85,2889013.94,121849.94,46189.46,0.2674,0.1297,220048.63,198043.77,206957.07,189732.16,211867.3,0.104445,0.008148,0.063294,0.033965,-0.083496,0.061317,0.015516,0.012214,0.1283,0.1391
Q00218,Q00218-L1,2026-04-25 22:00:00.000,2024-03-16,2025-03-16,2329075.48,637570.78,42511.36,9560.74,0.2952,0.2042,256673.4,231006.06,251313.82,293349.71,249281.53,0.003843,-0.020831,0.036528,-0.007614,-0.010246,-0.001004,-0.013331,-0.007722,0.2208,0.0744
Q00219,Q00219-L1,2026-04-25 22:00:00.000,2024-08-22,2025-08-22,16989951.01,2861565.08,143736.25,68479.02,0.0636,0.1041,84024.92,75622.43,77200.99,88581.66,85863.73,0.011961,-0.060481,0.075811,-0.007754,-0.009544,-0.025707,-0.026919,-0.000206,0.0343,0.0293
Q00219,Q00219-L2,2026-04-25 22:00:00.000,2024-08-22,2025-08-22,7331475.1,1582273.57,48409.3,36354.59,0.0636,0.1041,55385.91,49847.32,54564.85,63825.49,57201.29,0.130603,0.128514,0.027589,-0.02186,0.062524,0.085168,-0.015761,-0.009558,0.0343,0.0293
Q00222,Q00222-L1,2026-04-25 22:00:00.000,2023-09-29,2024-09-28,17012174.56,1480679.64,11801.87,4929.78,0.0934,0.2027,495720.67,446148.6,475220.39,486453.08,486215.69,0.190069,0.154904,0.027482,0.011614,0.126995,0.010831,-0.000361,0.016568,0.0725,0.0209
Q00222,Q00222-L2,2026-04-25 22:00:00.000,2023-09-29,2024-09-28,13402211.46,5207454.02,316926.47,90905.55,0.0934,0.2027,475838.82,428254.93,471911.24,498010.58,472707.08,-0.033359,-0.048607,0.04551,-0.032752,-0.038476,0.021936,-0.039357,0.013471,0.0725,0.0209
Q00223,Q00223-L1,2026-04-25 22:00:00.000,2024-10-15,2025-10-15,7727771.4,2879569.15,194192.1,38652.93,0.225,0.1166,139077.19,125169.47,145370.83,163245.12,139303.6,0.150121,0.083994,0.021599,0.041147,0.098132,0.033077,-0.039962,-0.004054,0.1686,0.0564
Q00223,Q00223-L2,2026-04-25 22:00:00.000,2024-10-15,2025-10-15,2045425.34,780796.5,54138.29,25318.53,0.225,0.1166,110819.97,99737.97,108245.25,99695.04,105749.41,0.17482,0.189838,0.028888,-0.046952,0.079948,0.09613,0.02043,-0.001462,0.1686,0.0564
Q00223,Q00223-L3,2026-04-25 22:00:00.000,2024-10-15,2025-10-15,5676437.06,2481250.58,404620.67,89665.35,0.225,0.1166,345742.35,311168.11,365238.59,358346.88,329312.33,0.050317,-0.007533,0.022868,0.037023,-0.00972,0.029604,-0.022445,-0.007991,0.1686,0.0564
Q00225,Q00225-L1,2026-04-25 22:00:00.000,2024-02-26,2025-02-25,1125184.88,325517.16,18513.95,10471.11,0.0902,0.1848,419239.72,377315.74,383952.57,351069.66,434842.48,-0.167797,-0.187232,0.045769,-0.024624,-0.092579,-0.031926,-0.049453,-0.012041,0.0509,0.0393
Q00225,Q00225-L2,2026-04-25 22:00:00.000,2024-02-26,2025-02-25,5564752.19,781588.96,26518.3,6719.49,0.0902,0.1848,70724.38,63651.94,76338.44,85604.09,70547.59,0.052874,0.025868,0.035253,-0.006253,-0.001594,0.073479,-0.042107,0.003406,0.0509,0.0393
Q00226,Q00226-L1,2026-04-25 22:00:00.000,2024-08-10,2025-08-10,17420462.48,6549283.54,146733.05,46318.22,0.2461,0.1048,35330.59,31797.53,35444.27,39888.94,34455.51,0.151292,0.066667,0.055359,0.02551,0.098776,-0.042413,0.008851,0.006661,0.1894,0.0567
Q00226,Q00226-L2,2026-04-25 22:00:00.000,2024-08-10,2025-08-10,39236477.39,9161136.71,150842.22,119564.99,0.2461,0.1048,122848.07,110563.26,110786.33,130084.82,117513.74,0.221252,0.18066,0.024077,0.02149,0.089322,0.078688,0.013107,-0.009218,0.1894,0.0567
Q00226,Q00226-L3,2026-04-25 22:00:00.000,2024-08-10,2025-08-10,19139534.79,4354527.57,35929.59,26183.29,0.2461,0.1048,66303.51,59673.16,61183.89,67134.5,67224.34,0.259504,0.19353,0.037858,0.033013,0.105428,0.089389,-0.0105,0.004244,0.1894,0.0567
Q00227,Q00227-L1,2026-04-25 22:00:00.000,2024-01-13,2025-01-12,12013342.64,2185331.99,195052.71,44225.65,0.2911,0.1972,463564.53,417208.07,399273.57,371584.47,452725.19,-0.009077,-0.041932,0.053393,-0.020738,0.002722,0.007301,-0.040042,-0.011349,0.1653,0.1258
Q00228,Q00228-L1,2026-04-25 22:00:00.000,2024-01-18,2025-01-17,12332640.0,5473879.74,51970.08,21872.85,0.2274,0.135,97131.76,87418.58,98016.42,113000.86,99185.97,0.251162,0.176613,0.060184,0.009512,0.045716,0.086795,0.049567,-0.002157,0.1164,0.111
Q00229,Q00229-L1,2026-04-25 22:00:00.000,2024-07-02,2025-07-02,12411245.51,4763068.55,271985.01,58025.13,0.0898,0.2367,49399.38,44459.44,52628.95,48702.11,47064.91,0.139106,0.091166,0.048036,0.001557,0.104953,0.031083,-0.032847,-0.016439,0.0599,0.0299
Q00229,Q00229-L2,2026-04-25 22:00:00.000,2024-07-02,2025-07-02,14017986.05,3481680.72,61139.89,26940.77,0.0898,0.2367,308997.0,278097.3,288871.05,269608.66,320891.87,0.146944,0.041358,0.076623,0.029919,-0.041197,0.052652,0.025093,0.002862,0.0599,0.0299
Q00229,Q00229-L3,2026-04-25 22:00:00.000,2024-07-02,2025-07-02,4972208.6,1099281.8,120610.43,45300.87,0.0898,0.2367,129928.11,116935.3,123959.8,115305.85,136041.33,0.233509,0.136176,0.077751,0.023096,0.034375,0.043894,0.046458,0.017112,0.0599,0.0299
Q00230,Q00230-L1,2026-04-25 22:00:00.000,2024-06-20,2025-06-20,2724137.15,1277105.0,9037.07,2365.62,0.1365,0.2392,317041.15,285337.04,287893.25,307475.55,315064.97,0.180016,0.121669,0.072811,-0.014395,0.028286,0.089065,0.007109,-0.002386,0.0745,0.062
Q00231,Q00231-L1,2026-04-25 22:00:00.000,2024-06-09,2025-06-09,2112106.67,610947.15,78126.76,26540.17,0.1241,0.1017,81778.19,73600.37,76118.44,80336.22,78376.49,0.164356,0.158069,0.048397,-0.04063,0.110648,0.076318,-0.011975,-0.016595,0.0882,0.0359
Q00233,Q00233-L1,2026-04-25 22:00:00.000,2024-05-08,2025-05-08,5929997.7,542609.19,99226.28,23362.83,0.2104,0.1237,284847.8,256363.02,277612.53,290484.94,294758.58,0.088032,0.003945,0.045408,0.040381,-0.062391,0.058931,-0.01079,0.017731,0.1467,0.0637
Q00233,Q00233-L2,2026-04-25 22:00:00.000,2024-05-08,2025-05-08,1444960.41,133482.13,30675.26,7778.64,0.2104,0.1237,163348.62,147013.76,157086.74,163260.56,159822.21,0.148635,0.080839,0.035519,0.029047,0.097529,0.013528,-0.014539,-0.018239,0.1467,0.0637
Q00234,Q00234-L1,2026-04-25 22:00:00.000,2024-01-24,2025-01-23,348213.37,28683.52,3809.62,1171.6,0.105,0.2341,114615.4,103153.86,99447.43,96676.51,119025.43,0.244664,0.1621,0.075861,0.008103,0.114748,0.048795,0.014118,-0.012731,0.0786,0.0264
Q00236,Q00236-L1,2026-04-25 22:00:00.000,2023-12-17,2024-12-16,2290146.71,461261.09,7789.57,1959.5,0.2831,0.2389,139740.28,125766.25,138998.55,136379.3,134742.32,-0.058338,-0.109387,0.03589,0.01118,-0.093595,0.017959,-0.018761,-0.01741,0.24,0.0431
Q00237,Q00237-L1,2026-04-25 22:00:00.000,2024-02-10,2025-02-09,21916190.07,5930791.64,231205.97,48986.7,0.0675,0.2472,181219.89,163097.9,169888.51,154566.64,181252.67,0.113679,0.086249,0.027503,0.000253,0.043468,0.068402,-0.0278,0.001385,0.0356,0.0319
Q00237,Q00237-L2,2026-04-25 22:00:00.000,2024-02-10,2025-02-09,5395154.46,677011.55,51945.9,35270.22,0.0675,0.2472,65120.37,58608.33,63369.03,58029.83,67267.36,0.153694,0.046113,0.079436,0.02529,0.011294,0.036363,-0.007509,0.00493,0.0356,0.0319
Q00238,Q00238-L1,2026-04-25 22:00:00.000,2024-02-04,2025-02-03,13052732.6,4664515.97,11577.27,7584.7,0.0836,0.188,190085.52,171076.97,166132.18,167851.54,197583.3,0.245211,0.128658,0.068892,0.049858,0.118283,0.05721,-0.039204,-0.011466,0.0621,0.0215
Q00239,Q00239-L1,2026-04-25 22:00:00.000,2024-01-24,2025-01-23,2745903.31,309426.53,35300.31,11066.31,0.0691,0.1513,89573.09,80615.78,89646.19,96785.98,85966.53,-0.015847,-0.092555,0.039947,0.033006,-0.094517,-0.025164,0.040643,-0.008863,0.0332,0.0359
Q00240,Q00240-L1,2026-04-25 22:00:00.000,2024-08-24,2025-08-24,2202449.32,227880.02,16875.4,5846.98,0.2729,0.1477,108724.66,97852.2,110598.84,102009.14,104666.81,0.165682,0.167964,0.044124,-0.043682,0.088901,0.022636,0.041155,0.009901,0.1872,0.0857
Q00241,Q00241-L1,2026-04-25 22:00:00.000,2024-07-31,2025-07-31,15983215.1,6295573.21,414637.96,162618.5,0.1916,0.1388,285045.16,256540.65,289631.95,298499.13,293233.85,0.090589,-0.004857,0.063769,0.03663,0.015431,0.032673,-0.04031,-0.016815,0.1296,0.062
Q00241,Q00241-L2,2026-04-25 22:00:00.000,2024-07-31,2025-07-31,3704397.31,915048.43,79023.11,18320.52,0.1916,0.1388,238551.53,214696.38,255352.03,289120.62,241379.44,0.169606,0.104162,0.052755,0.011647,0.034601,0.070715,-0.025102,0.01901,0.1296,0.062
Q00242,Q00242-L1,2026-04-25 22:00:00.000,2024-02-23,2025-02-22,11183686.76,2494530.57,258229.37,87881.91,0.2795,0.1661,875619.53,788057.58,873880.56,868757.18,892033.25,0.008224,-0.012729,0.040417,-0.023878,-0.021611,0.048986,-0.038935,0.004548,0.2243,0.0552
Q00243,Q00243-L1,2026-04-25 22:00:00.000,2024-02-25,2025-02-24,2824820.88,383839.05,14428.54,3752.93,0.1791,0.1717,166391.46,149752.31,182052.47,198024.37,171508.06,0.039391,0.06002,0.024223,-0.042139,0.070692,-0.04072,0.033252,0.001513,0.1059,0.0732
Q00244,Q00244-L1,2026-04-25 22:00:00.000,2024-04-04,2025-04-04,17279479.84,7194156.66,151752.81,45853.28,0.2293,0.1311,177943.47,160149.13,152981.2,175580.52,178483.58,-0.084167,-0.110641,0.035594,-0.012761,-0.086047,0.022826,-0.045085,0.003765,0.114,0.1153
Q00244,Q00244-L2,2026-04-25 22:00:00.000,2024-04-04,2025-04-04,7829630.55,2645201.52,437783.36,100722.55,0.2293,0.1311,133493.06,120143.75,153376.76,157203.13,137353.38,0.209062,0.104099,0.071911,0.028552,0.08514,0.033513,-0.006509,-0.0001,0.114,0.1153
Q00245,Q00245-L1,2026-04-25 22:00:00.000,2024-07-24,2025-07-24,4766747.18,989911.8,51823.0,13483.48,0.1782,0.1393,184032.66,165629.39,201748.74,202785.34,189650.53,0.227276,0.18072,0.065376,-0.016008,0.123116,0.035682,0.028252,-0.007659,0.1437,0.0345
Q00245,Q00245-L2,2026-04-25 22:00:00.000,2024-07-24,2025-07-24,9523525.03,3365936.92,70847.25,23807.96,0.1782,0.1393,29391.28,26452.15,30987.66,33142.27,29087.05,0.195204,0.089865,0.072553,0.028328,0.113572,-0.022351,-0.008127,0.008024,0.1437,0.0345
Q00245,Q00245-L3,2026-04-25 22:00:00.000,2024-07-24,2025-07-24,10961504.32,2223296.45,70244.83,40336.59,0.1782,0.1393,65332.85,58799.57,60049.63,67044.58,66599.98,-0.051018,-0.073747,0.060516,-0.033974,-0.053315,-0.023764,-0.020589,0.018531,0.1437,0.0345
Q00247,Q00247-L1,2026-04-25 22:00:00.000,2024-01-05,2025-01-04,8358858.97,2110694.81,13231.18,4762.45,0.2773,0.1711,62719.36,56447.42,63593.67,69325.36,62928.9,0.024711,-0.02225,0.030613,0.020914,-0.075021,0.005876,0.047241,0.000134,0.2007,0.0766
Q00248,Q00248-L1,2026-04-25 22:00:00.000,2024-08-29,2025-08-29,19886874.41,8874827.89,893186.89,182477.72,0.0609,0.1776,315011.67,283510.51,342521.39,343709.53,328927.9,0.142218,0.093071,0.048475,0.001627,-0.00098,0.056645,0.049164,-0.014886,0.0403,0.0206
Q00248,Q00248-L2,2026-04-25 22:00:00.000,2024-08-29,2025-08-29,3098282.94,502185.77,80524.16,16364.96,0.0609,0.1776,174039.16,156635.25,169776.94,159930.13,181340.48,0.022966,-0.045238,0.079653,-0.009145,-0.034219,-0.025384,0.031199,-0.016954,0.0403,0.0206
Q00249,Q00249-L1,2026-04-25 22:00:00.000,2024-06-25,2025-06-25,4708578.42,2151320.21,11273.27,8405.23,0.0514,0.108,1665244.41,1498719.97,1873713.56,1894959.73,1626065.73,0.07295,0.022017,0.040743,0.008874,-0.003533,0.062884,-0.045191,0.002164,0.0384,0.013
Q00250,Q00250-L1,2026-04-25 22:00:00.000,2024-03-11,2025-03-11,3940824.72,1842731.26,41819.48,13149.51,0.203,0.1771,271844.35,244659.92,237576.56,274641.08,266557.06,0.20011,0.140481,0.072719,-0.013797,0.088105,0.092504,-0.045285,0.007033,0.1719,0.0311
Q00250,Q00250-L2,2026-04-25 22:00:00.000,2024-03-11,2025-03-11,4503768.53,996514.2,23467.03,16758.4,0.203,0.1771,557407.03,501666.33,591586.69,642799.97,584003.74,0.16323,0.131651,0.072803,-0.03886,0.136116,-0.026875,0.021293,-0.002102,0.1719,0.0311
